epoch,cd_p_metric,cd_t_metric,dcd_metric,loss,lr,val_cd_p_metric,val_cd_t_metric,val_dcd_metric,val_loss
0,0.8987394571304321,1.876516580581665,1.934523582458496,3.811040163040161,6e-05,0.6383466720581055,0.8176320195198059,1.8738971948623657,2.6915290355682373
1,0.6365613341331482,0.8785213232040405,1.8865468502044678,2.7650678157806396,0.00012,0.7192699313163757,1.039301872253418,1.9408423900604248,2.9801442623138428
2,0.5970800518989563,0.7556914687156677,1.8864097595214844,2.642101287841797,0.00018,0.45554119348526,0.42136016488075256,1.8292592763900757,2.250619411468506
3,0.4979613423347473,0.513706386089325,1.8274948596954346,2.3412013053894043,0.00024,0.7296767830848694,1.0688743591308594,1.9662443399429321,3.035118579864502
4,0.5085546374320984,0.5714866518974304,1.854753851890564,2.4262406826019287,0.0003,0.47435665130615234,0.4517877995967865,1.8385536670684814,2.290341377258301
5,0.344137966632843,0.2483169138431549,1.7116615772247314,1.959978461265564,0.0003,0.3089592158794403,0.19789472222328186,1.642301321029663,1.8401962518692017
6,0.2800821363925934,0.16225071251392365,1.5735018253326416,1.7357527017593384,0.0003,0.2615581452846527,0.13847482204437256,1.4638029336929321,1.6022777557373047
7,0.2558380365371704,0.1338418424129486,1.445733666419983,1.579575538635254,0.0003,0.23548874258995056,0.11221382766962051,1.3580453395843506,1.4702593088150024
8,0.23655223846435547,0.11357481777667999,1.3275830745697021,1.441157579421997,0.0003,0.2292148619890213,0.1059170737862587,1.2797822952270508,1.3856992721557617
9,0.22100591659545898,0.09846962988376617,1.1996756792068481,1.2981452941894531,0.0003,0.21273747086524963,0.09096231311559677,1.144288420677185,1.23525071144104
10,0.21113333106040955,0.08986710011959076,1.1076128482818604,1.1974800825119019,0.0003,0.2126017063856125,0.09071703255176544,1.1177676916122437,1.2084846496582031
11,0.20853443443775177,0.08756628632545471,1.0659780502319336,1.153544306755066,0.0003,0.20543444156646729,0.0847947895526886,1.040264368057251,1.1250591278076172
12,0.20768137276172638,0.08671314269304276,1.0483471155166626,1.13506019115448,0.0003,0.20925477147102356,0.08777452260255814,1.0769400596618652,1.1647145748138428
13,0.2091629058122635,0.08795291185379028,1.0504013299942017,1.1383540630340576,0.0003,0.21075813472270966,0.08916592597961426,1.06979238986969,1.1589581966400146
14,0.2078157365322113,0.08685576915740967,1.0447523593902588,1.131608247756958,0.0003,0.2064417153596878,0.0855555534362793,1.0279887914657593,1.1135443449020386
15,0.21022269129753113,0.08893569558858871,1.0480786561965942,1.137014389038086,0.0003,0.20947125554084778,0.08818414062261581,1.0637654066085815,1.1519496440887451
16,0.20835518836975098,0.08742020279169083,1.0351871252059937,1.1226072311401367,0.0003,0.20299839973449707,0.08264932036399841,1.0181218385696411,1.100771188735962
17,0.20192423462867737,0.08190790563821793,1.003565788269043,1.0854737758636475,0.0003,0.200972318649292,0.08104169368743896,1.0165289640426636,1.0975706577301025
18,0.20101329684257507,0.08118996769189835,0.9912576675415039,1.072447657585144,0.0003,0.1971077024936676,0.07785369455814362,0.9687836766242981,1.0466372966766357
19,0.19911162555217743,0.07953038066625595,0.977592945098877,1.0571234226226807,0.0003,0.1975722759962082,0.07830889523029327,0.9565402865409851,1.0348491668701172
20,0.19849355518817902,0.07905309647321701,0.9700929522514343,1.0491459369659424,0.0003,0.20357036590576172,0.08302141726016998,1.014464020729065,1.0974854230880737
21,0.20166203379631042,0.08162300288677216,0.9894087910652161,1.0710318088531494,0.0003,0.2086520940065384,0.08730002492666245,1.059165120124817,1.1464650630950928
22,0.20461925864219666,0.08447231352329254,1.0067111253738403,1.0911834239959717,0.0003,0.2369081974029541,0.11294559389352798,1.203692078590393,1.3166377544403076
23,0.21361413598060608,0.09199300408363342,1.0575642585754395,1.1495574712753296,0.0003,0.20889253914356232,0.0876750499010086,1.0474004745483398,1.135075569152832
24,0.2032410204410553,0.08300493657588959,1.004305124282837,1.0873100757598877,0.0003,0.20340442657470703,0.08291402459144592,1.0309053659439087,1.1138193607330322
25,0.1987849771976471,0.07924391329288483,0.9815093874931335,1.060753345489502,0.0003,0.19651134312152863,0.0774482935667038,0.9711509943008423,1.0485992431640625
26,0.19911697506904602,0.07957503199577332,0.978725254535675,1.058300256729126,0.0003,0.19904625415802002,0.07933442294597626,0.9819623827934265,1.061296820640564
27,0.20666995644569397,0.0858432799577713,1.0188031196594238,1.1046463251113892,0.0003,0.21180839836597443,0.09013216197490692,1.0193195343017578,1.1094516515731812
28,0.20418354868888855,0.08376161754131317,1.001140832901001,1.0849025249481201,0.0003,0.201677605509758,0.08172794431447983,0.9741193056106567,1.0558472871780396
29,0.19711919128894806,0.07792793214321136,0.9608553051948547,1.038783311843872,0.0003,0.19944044947624207,0.07975874841213226,1.0047186613082886,1.0844775438308716
30,0.19816026091575623,0.0788300633430481,0.9725388288497925,1.0513689517974854,0.0003,0.19674596190452576,0.07757566124200821,0.9762310981750488,1.0538067817687988
31,0.19611810147762299,0.0772048607468605,0.9588861465454102,1.0360909700393677,0.0003,0.20397011935710907,0.08345337212085724,1.0455681085586548,1.1290215253829956
32,0.19499436020851135,0.07625290751457214,0.9478090405464172,1.024061918258667,0.0003,0.20088553428649902,0.08099577575922012,0.98570317029953,1.0666989088058472
33,0.200443297624588,0.08070624619722366,0.9877755045890808,1.0684815645217896,0.0003,0.20742352306842804,0.08655083924531937,1.0071710348129272,1.0937217473983765
34,0.19681093096733093,0.07766301929950714,0.9618393778800964,1.039502501487732,0.0003,0.2031843662261963,0.08295359462499619,0.9890066981315613,1.071960210800171
35,0.19730335474014282,0.07809299975633621,0.9602813720703125,1.0383743047714233,0.0003,0.20213520526885986,0.08191672712564468,1.0146137475967407,1.0965304374694824
36,0.20088443160057068,0.08104858547449112,0.993228554725647,1.0742771625518799,0.0003,0.1999417096376419,0.08026522397994995,0.9808887243270874,1.0611540079116821
37,0.195207878947258,0.07651027292013168,0.9493023753166199,1.0258126258850098,0.0003,0.1984536349773407,0.07899067550897598,0.9809759855270386,1.0599666833877563
38,0.192911759018898,0.07456690818071365,0.9367307424545288,1.0112978219985962,0.0003,0.19251100718975067,0.07427245378494263,0.934609591960907,1.0088820457458496
39,0.19163359701633453,0.07363271713256836,0.9229509234428406,0.9965835809707642,0.0003,0.19309094548225403,0.0746685266494751,0.9388686418533325,1.0135371685028076
40,0.1913348138332367,0.07337130606174469,0.9227089881896973,0.9960801005363464,0.0003,0.19441263377666473,0.07574917376041412,0.9479076266288757,1.0236566066741943
41,0.19869481027126312,0.07924261689186096,0.9734461903572083,1.052688717842102,0.0003,0.20024573802947998,0.08037398755550385,0.9991042017936707,1.079478144645691
42,0.19691719114780426,0.07779855281114578,0.9554764032363892,1.0332748889923096,0.0003,0.20755653083324432,0.08647280931472778,1.058196783065796,1.144669532775879
43,0.2027328908443451,0.08298135548830032,0.9960564374923706,1.0790379047393799,0.0003,0.198889821767807,0.07925762236118317,0.972546398639679,1.0518039464950562
44,0.19494406878948212,0.07615546137094498,0.9473614692687988,1.0235168933868408,0.0003,0.19442154467105865,0.07582280784845352,0.938250720500946,1.0140736103057861
45,0.19252173602581024,0.0743270143866539,0.9252268671989441,0.9995537996292114,0.0003,0.19354736804962158,0.07509281486272812,0.9502550959587097,1.0253479480743408
46,0.19233456254005432,0.0741661787033081,0.929063618183136,1.0032297372817993,0.0003,0.19641636312007904,0.07752390950918198,0.944890022277832,1.022413969039917
47,0.19390907883644104,0.07535764575004578,0.9422820210456848,1.0176396369934082,0.0003,0.20459982752799988,0.08394362032413483,1.0025107860565186,1.0864542722702026
48,0.1959044188261032,0.07701718062162399,0.954507052898407,1.031524419784546,0.0003,0.19460166990756989,0.07595702260732651,0.9466322660446167,1.0225893259048462
49,0.19198833405971527,0.07386963069438934,0.926605224609375,1.0004748106002808,0.0003,0.1941172182559967,0.07550109922885895,0.9368511438369751,1.0123522281646729
50,0.19105002284049988,0.07312435656785965,0.9152156710624695,0.9883401989936829,0.0003,0.19152022898197174,0.07348956167697906,0.9328005909919739,1.0062901973724365
51,0.1892087161540985,0.07172814011573792,0.9006997346878052,0.9724278450012207,0.0003,0.19041578471660614,0.07267972081899643,0.9143804311752319,0.9870601892471313
52,0.19413308799266815,0.07573294639587402,0.9350516200065613,1.01078462600708,0.0003,0.21077308058738708,0.08921723067760468,1.0254437923431396,1.1146610975265503
53,0.1948818862438202,0.07619373500347137,0.9392913579940796,1.015485167503357,0.0003,0.19302348792552948,0.07466930150985718,0.9281982183456421,1.0028674602508545
54,0.19116336107254028,0.07328441739082336,0.9159587025642395,0.9892429113388062,0.0003,0.18902206420898438,0.0716138631105423,0.8991489410400391,0.9707628488540649
55,0.1893378049135208,0.07183030992746353,0.8987191915512085,0.9705495834350586,0.0003,0.19239577651023865,0.07416709512472153,0.9173531532287598,0.9915202260017395
56,0.18890342116355896,0.07147267460823059,0.8991120457649231,0.9705846905708313,0.0003,0.1942821890115738,0.07573502510786057,0.9323222041130066,1.0080572366714478
57,0.19004729390144348,0.0724196806550026,0.9034063220024109,0.9758261442184448,0.0003,0.19123366475105286,0.07327914983034134,0.9170194864273071,0.9902985692024231
58,0.18809357285499573,0.07087325304746628,0.8922408819198608,0.9631142616271973,0.0003,0.19079741835594177,0.07299775630235672,0.91743403673172,0.9904317855834961
59,0.19055472314357758,0.0727560967206955,0.9122263789176941,0.9849824905395508,0.0003,0.20107360184192657,0.08112834393978119,0.9676801562309265,1.0488084554672241
60,0.19035345315933228,0.07268062978982925,0.9045068621635437,0.97718745470047,0.0003,0.1923871487379074,0.07416518032550812,0.9254838228225708,0.999648928642273
61,0.18770024180412292,0.07058943063020706,0.8847336769104004,0.9553232192993164,0.0003,0.18993109464645386,0.07229393720626831,0.9167162179946899,0.9890101552009583
62,0.191586434841156,0.07360047101974487,0.9187809228897095,0.9923813939094543,0.0003,0.19622454047203064,0.07715018838644028,0.9743691682815552,1.0515192747116089
63,0.19402779638767242,0.07543671876192093,0.9403058886528015,1.015742540359497,0.0003,0.19352290034294128,0.07505710422992706,0.9374078512191772,1.012465000152588
64,0.18707133829593658,0.07008000463247299,0.8819567561149597,0.9520368576049805,0.0003,0.19577303528785706,0.07688448578119278,0.9587432742118835,1.0356279611587524
65,0.19353120028972626,0.0752158910036087,0.9339863657951355,1.0092025995254517,0.0003,0.19213365018367767,0.07405804097652435,0.9212836027145386,0.9953415989875793
66,0.18916723132133484,0.07167110592126846,0.9035360217094421,0.9752072095870972,0.0003,0.19481122493743896,0.0760914757847786,0.9677007794380188,1.0437923669815063
67,0.1893560141324997,0.0718172937631607,0.9105145335197449,0.9823317527770996,0.0003,0.19446904957294464,0.07587210088968277,0.9472174644470215,1.0230895280838013
68,0.18689443171024323,0.06994984298944473,0.8867039680480957,0.9566537737846375,0.0003,0.18964873254299164,0.07205213606357574,0.9125373959541321,0.9845894575119019
69,0.18803587555885315,0.07084013521671295,0.8942403793334961,0.9650806188583374,0.0003,0.18881668150424957,0.07148813456296921,0.901020884513855,0.9725090265274048
70,0.18823133409023285,0.07103204727172852,0.8904014825820923,0.9614334106445312,0.0003,0.1982639580965042,0.07891325652599335,0.9533429145812988,1.0322562456130981
71,0.18743523955345154,0.07036469131708145,0.8836864233016968,0.9540511965751648,0.0003,0.1892765313386917,0.07182668894529343,0.9013385772705078,0.9731653332710266
72,0.1881977617740631,0.0709918886423111,0.8906857371330261,0.9616776704788208,0.0003,0.19592955708503723,0.07699058204889297,0.9602636098861694,1.0372542142868042
73,0.1864301562309265,0.0696161687374115,0.8775040507316589,0.9471203088760376,0.0003,0.1887105107307434,0.07139652967453003,0.8984172940254211,0.9698137044906616
74,0.1856505572795868,0.06902087479829788,0.869463324546814,0.9384841918945312,0.0003,0.18963894248008728,0.07219680398702621,0.9016339182853699,0.9738308191299438
75,0.18818598985671997,0.07097906619310379,0.8910591006278992,0.9620381593704224,0.0003,0.19040651619434357,0.072807177901268,0.9074764251708984,0.9802836179733276
76,0.18913057446479797,0.07165293395519257,0.8988943099975586,0.9705470204353333,0.0003,0.19176599383354187,0.07368495315313339,0.9310191869735718,1.004704236984253
77,0.18727406859397888,0.0702546089887619,0.8816137313842773,0.9518683552742004,0.0003,0.18956053256988525,0.07202957570552826,0.9140982627868652,0.9861278533935547
78,0.1853092461824417,0.06876159459352493,0.8678716421127319,0.9366331100463867,0.0003,0.18825218081474304,0.07099982351064682,0.8996278047561646,0.9706276059150696
79,0.18454299867153168,0.06817762553691864,0.8633842468261719,0.9315619468688965,0.0003,0.18843787908554077,0.07116897404193878,0.9002825021743774,0.9714514017105103
80,0.18620887398719788,0.06946925818920135,0.8768410682678223,0.9463103413581848,0.0003,0.19248290359973907,0.07422135770320892,0.926274299621582,1.0004956722259521
81,0.1877863109111786,0.0706065371632576,0.8887688517570496,0.9593753814697266,0.0003,0.18785344064235687,0.07078935950994492,0.9025160670280457,0.9733055233955383
82,0.18865619599819183,0.07135473191738129,0.8943397402763367,0.9656947255134583,0.0003,0.19022142887115479,0.07268588244915009,0.9012318849563599,0.9739177823066711
83,0.1879062056541443,0.07092353701591492,0.8809487223625183,0.9518723487854004,0.0003,0.18752214312553406,0.07046714425086975,0.8918395042419434,0.9623066186904907
84,0.1857689917087555,0.06914641708135605,0.8668946027755737,0.9360411763191223,0.0003,0.18870827555656433,0.07142798602581024,0.8998885154724121,0.9713165163993835
85,0.18828947842121124,0.07106559723615646,0.8887583017349243,0.9598239064216614,0.0003,0.1932821422815323,0.07494236528873444,0.9224852323532104,0.9974276423454285
86,0.18607614934444427,0.06939099729061127,0.870937168598175,0.9403281211853027,0.0003,0.18791015446186066,0.07076777517795563,0.8958160281181335,0.9665838479995728
87,0.1861625760793686,0.0694592297077179,0.8698789477348328,0.9393380880355835,0.0003,0.1974768042564392,0.0781962126493454,0.9940792322158813,1.0722754001617432
88,0.18648909032344818,0.06966070830821991,0.877781093120575,0.9474418759346008,0.0003,0.18609550595283508,0.0693899542093277,0.8839102983474731,0.9533002972602844
89,0.19078975915908813,0.07294800877571106,0.9108683466911316,0.9838164448738098,0.0003,0.19249367713928223,0.0743289440870285,0.9154180288314819,0.9897470474243164
90,0.18824544548988342,0.07111722975969315,0.8853394389152527,0.9564566612243652,0.0003,0.19352805614471436,0.07507126033306122,0.950847327709198,1.0259186029434204
91,0.18995347619056702,0.07237297296524048,0.8972417712211609,0.9696146249771118,0.0003,0.19097739458084106,0.07307735830545425,0.9155582189559937,0.9886356592178345
92,0.1856834888458252,0.0690397247672081,0.8700200915336609,0.9390597343444824,0.0003,0.1884596049785614,0.07118979841470718,0.9063568115234375,0.9775465130805969
93,0.18437162041664124,0.06808214634656906,0.8594924807548523,0.9275745153427124,0.0003,0.19043053686618805,0.07276507467031479,0.9028013348579407,0.9755663871765137
94,0.18622715771198273,0.06944769620895386,0.8740455508232117,0.9434931874275208,0.0003,0.1872296780347824,0.07023783028125763,0.8864830136299133,0.9567207098007202
95,0.1885276734828949,0.07119204103946686,0.8924899101257324,0.9636818766593933,0.0003,0.19349820911884308,0.07506098598241806,0.9352067112922668,1.0102676153182983
96,0.18488459289073944,0.06844942271709442,0.8641370534896851,0.9325865507125854,0.0003,0.18799510598182678,0.07086537033319473,0.8879167437553406,0.9587820768356323
97,0.18187695741653442,0.06622222810983658,0.832729697227478,0.8989521265029907,0.0003,0.1844351589679718,0.06817515194416046,0.858535647392273,0.9267107844352722
98,0.1833484172821045,0.06732295453548431,0.8441299200057983,0.9114528894424438,0.0003,0.19055378437042236,0.07278505712747574,0.907054603099823,0.9798396825790405
99,0.1848565638065338,0.06842942535877228,0.8558739423751831,0.9243032336235046,0.0003,0.1884227693080902,0.07114062458276749,0.8845839500427246,0.9557245373725891
100,0.18330273032188416,0.06728062778711319,0.8386422395706177,0.9059227705001831,0.0003,0.18868371844291687,0.07131610065698624,0.9057626724243164,0.9770787358283997
101,0.18469317257404327,0.06829067319631577,0.8574511408805847,0.9257416725158691,0.0003,0.18983474373817444,0.07218660414218903,0.9002385139465332,0.972425103187561
102,0.18424180150032043,0.06796576082706451,0.8532649278640747,0.9212307929992676,0.0003,0.18716999888420105,0.07018236070871353,0.8821229934692383,0.9523053169250488
103,0.18509364128112793,0.06860451400279999,0.8629822731018066,0.9315868616104126,0.0003,0.1874954253435135,0.07043023407459259,0.9057478904724121,0.9761780500411987
104,0.1860521286725998,0.06931913644075394,0.8739625811576843,0.9432815313339233,0.0003,0.196517676115036,0.07743065804243088,0.940360426902771,1.0177910327911377
105,0.18385940790176392,0.06770048290491104,0.8466901779174805,0.9143905639648438,0.0003,0.18736788630485535,0.07035134732723236,0.8903570175170898,0.9607083201408386
106,0.18268775939941406,0.06682875752449036,0.8386633992195129,0.9054921269416809,0.0003,0.18692536652088165,0.07004024088382721,0.8759578466415405,0.9459981918334961
107,0.18274514377117157,0.06687449663877487,0.84001624584198,0.906890869140625,0.0003,0.18583354353904724,0.06932215392589569,0.8621889352798462,0.9315110445022583
108,0.18438133597373962,0.06807465851306915,0.8556543588638306,0.9237290620803833,0.0003,0.18548253178596497,0.06893644481897354,0.8639147877693176,0.9328511953353882
109,0.186364084482193,0.06955210864543915,0.8713067173957825,0.9408589601516724,0.0003,0.1915554702281952,0.07352246344089508,0.9314596056938171,1.0049821138381958
110,0.18491274118423462,0.06848093867301941,0.860525906085968,0.9290068745613098,0.0003,0.18963907659053802,0.07227394729852676,0.8982857465744019,0.9705597162246704
111,0.18471147119998932,0.06831032037734985,0.8594326972961426,0.9277430772781372,0.0003,0.186564639210701,0.06979519873857498,0.8736974000930786,0.943492591381073
112,0.1828356832265854,0.06693175435066223,0.8414301872253418,0.9083617925643921,0.0003,0.18496210873126984,0.06858177483081818,0.8556786775588989,0.9242604374885559
113,0.1830422580242157,0.06710159033536911,0.8419917821884155,0.9090934991836548,0.0003,0.19061985611915588,0.07280261814594269,0.9179906845092773,0.9907933473587036
114,0.18276731669902802,0.06687355041503906,0.8438292741775513,0.9107027053833008,0.0003,0.18552859127521515,0.06906799226999283,0.8612669706344604,0.9303349256515503
115,0.18264369666576385,0.06679777801036835,0.8365567922592163,0.9033546447753906,0.0003,0.18765902519226074,0.07058629393577576,0.8832792043685913,0.9538655281066895
116,0.18286418914794922,0.06695184111595154,0.8400297164916992,0.9069815874099731,0.0003,0.1896003931760788,0.07204008102416992,0.9035232663154602,0.9755632281303406
117,0.184009850025177,0.06778614968061447,0.8470616340637207,0.914847731590271,0.0003,0.18765048682689667,0.07053761184215546,0.8974823951721191,0.968019962310791
118,0.18284699320793152,0.06694333255290985,0.8429047465324402,0.9098480343818665,0.0003,0.19328440725803375,0.07503603398799896,0.9137753248214722,0.9888113737106323
119,0.18187180161476135,0.06621658056974411,0.8305441737174988,0.8967608213424683,0.0003,0.18986105918884277,0.07234378904104233,0.8898611068725586,0.9622049331665039
120,0.1822715699672699,0.06651897728443146,0.8349324464797974,0.9014512300491333,0.0003,0.19040505588054657,0.07265975326299667,0.9019864201545715,0.974646270275116
121,0.1861686110496521,0.06945393234491348,0.8661310076713562,0.9355849027633667,0.0003,0.19214048981666565,0.07413862645626068,0.8978897333145142,0.972028374671936
122,0.18780453503131866,0.07086040079593658,0.8743977546691895,0.9452582597732544,0.0003,0.18750140070915222,0.07048429548740387,0.8819358944892883,0.9524200558662415
123,0.1874648779630661,0.0703791156411171,0.8839399218559265,0.9543188810348511,0.0003,0.18756285309791565,0.07059915363788605,0.8908346891403198,0.9614338874816895
124,0.18540266156196594,0.06887723505496979,0.8658755421638489,0.9347527623176575,0.0003,0.19435250759124756,0.07580725103616714,0.9605348706245422,1.0363420248031616
125,0.1844673603773117,0.06817580759525299,0.8583171963691711,0.9264929890632629,0.0003,0.18762007355690002,0.07086344063282013,0.8678439855575562,0.9387074708938599
126,0.184861421585083,0.0685260072350502,0.8560947179794312,0.9246208071708679,0.0003,0.18598344922065735,0.06934266537427902,0.8793028593063354,0.9486454725265503
127,0.18341338634490967,0.06738357245922089,0.8468641042709351,0.9142476320266724,0.0003,0.18871590495109558,0.0714474767446518,0.8834894299507141,0.9549368619918823
128,0.18118706345558167,0.0657263696193695,0.8278588056564331,0.8935853242874146,0.0003,0.18869751691818237,0.07149778306484222,0.8853588104248047,0.9568566083908081
129,0.184894397854805,0.0684753805398941,0.8599185943603516,0.9283941388130188,0.0003,0.1894412338733673,0.07193706184625626,0.907077968120575,0.9790151715278625
130,0.18476969003677368,0.0683998093008995,0.8611536026000977,0.9295536279678345,0.0003,0.18573278188705444,0.06916177272796631,0.8661378622055054,0.9352996945381165
131,0.18173018097877502,0.06612575054168701,0.8321315050125122,0.8982571363449097,0.0003,0.1886628419160843,0.07147654891014099,0.8897132873535156,0.961189866065979
132,0.1865702122449875,0.06980838626623154,0.8739259839057922,0.943734347820282,0.0003,0.19418703019618988,0.07572440057992935,0.9186725616455078,0.994396984577179
