epoch,cd_p_metric,cd_t_metric,clump_metric,dcd_metric,loss,lr,val_cd_p_metric,val_cd_t_metric,val_clump_metric,val_dcd_metric,val_defect_cov_mm,val_loss
0,0.7794181108474731,1.4589207172393799,0.607592761516571,1.925413727760315,1.4589207172393799,6e-05,0.8579166531562805,1.5454587936401367,0.762890636920929,1.949907898902893,33.14971281789389,1.5454587936401367
1,0.7107279300689697,1.0893075466156006,0.635058581829071,1.9168140888214111,1.0893075466156006,0.00012,0.6450034379959106,0.8355048298835754,0.601269543170929,1.8749126195907593,nan,0.8355048298835754
2,0.5825344920158386,0.7201992273330688,0.7204834222793579,1.869347333908081,0.7201992273330688,0.00018,0.5614697337150574,0.635357677936554,0.7427734136581421,1.8625566959381104,nan,0.635357677936554
3,0.4820707440376282,0.48433393239974976,0.7334228754043579,1.8300678730010986,0.48433393239974976,0.00024,0.41433748602867126,0.3702019453048706,0.8531249761581421,1.8446719646453857,nan,0.3702019453048706
4,0.4086621403694153,0.34414857625961304,0.6239013671875,1.7306978702545166,0.34414857625961304,0.0003,0.37362271547317505,0.280381977558136,0.5516601800918579,1.6532447338104248,nan,0.280381977558136
5,0.3569626212120056,0.263291597366333,0.6644042730331421,1.6886990070343018,0.263291597366333,0.0003,0.3102317750453949,0.19940178096294403,0.704296886920929,1.6213452816009521,nan,0.19940178096294403
6,0.2998476028442383,0.18393191695213318,0.604907214641571,1.5822575092315674,0.18393191695213318,0.0003,0.3054835796356201,0.18812091648578644,0.580761730670929,1.5862500667572021,nan,0.18812091648578644
7,0.2880491614341736,0.1687949001789093,0.531005859375,1.4843339920043945,0.1687949001789093,0.0003,0.2596605122089386,0.13718929886817932,0.533203125,1.4181033372879028,nan,0.13718929886817932
8,0.2630353569984436,0.14063625037670135,0.533984363079071,1.453928828239441,0.14063625037670135,0.0003,0.25083738565444946,0.12735000252723694,0.5,1.4228699207305908,nan,0.12735000252723694
9,0.237544447183609,0.11431266367435455,0.48051756620407104,1.3696136474609375,0.11431266367435455,0.0003,0.23401574790477753,0.11052969843149185,0.4755859375,1.3710620403289795,6.7513483999106665,0.11052969843149185
10,0.22723932564258575,0.10459247976541519,0.4771484434604645,1.3352406024932861,0.10459247976541519,0.0003,0.22217392921447754,0.09992974996566772,0.4927734434604645,1.331929087638855,nan,0.09992974996566772
11,0.21913719177246094,0.09705298393964767,0.44775390625,1.2933471202850342,0.09705298393964767,0.0003,0.22364301979541779,0.10106519609689713,0.43896484375,1.3087022304534912,nan,0.10106519609689713
12,0.2147064507007599,0.09315512329339981,0.4296875,1.2636973857879639,0.09315512329339981,0.0003,0.21117401123046875,0.08995920419692993,0.43193358182907104,1.2633531093597412,nan,0.08995920419692993
13,0.21444806456565857,0.09295256435871124,0.41181641817092896,1.2546138763427734,0.09295256435871124,0.0003,0.21249231696128845,0.09085778892040253,0.40654295682907104,1.2387148141860962,nan,0.09085778892040253
14,0.21866261959075928,0.09631697088479996,0.40898436307907104,1.2746303081512451,0.09631697088479996,0.0003,0.22106365859508514,0.09844373166561127,0.40888673067092896,1.3074402809143066,nan,0.09844373166561127
15,0.22105459868907928,0.09868361055850983,0.42939454317092896,1.3054429292678833,0.09868361055850983,0.0003,0.21654899418354034,0.09445096552371979,0.45244139432907104,1.3126461505889893,nan,0.09445096552371979
16,0.21306255459785461,0.09166360646486282,0.4544921815395355,1.292733907699585,0.09166360646486282,0.0003,0.2085692584514618,0.08757629245519638,0.46318358182907104,1.2783753871917725,nan,0.08757629245519638
17,0.20745623111724854,0.08684970438480377,0.44230955839157104,1.254297137260437,0.08684970438480377,0.0003,0.20452626049518585,0.084172323346138,0.4554687440395355,1.2414590120315552,nan,0.084172323346138
18,0.2101791799068451,0.08897867798805237,0.4238037168979645,1.253713607788086,0.08897867798805237,0.0003,0.22375261783599854,0.10091283172369003,0.44169920682907104,1.3220875263214111,nan,0.10091283172369003
19,0.20685748755931854,0.08630083501338959,0.4285644590854645,1.2402948141098022,0.08630083501338959,0.0003,0.20455002784729004,0.08407051861286163,0.39501953125,1.2072699069976807,5.457789802964251,0.08407051861286163
20,0.20212391018867493,0.08219211548566818,0.4058593809604645,1.1931569576263428,0.08219211548566818,0.0003,0.20339259505271912,0.0830746740102768,0.3975585997104645,1.1891798973083496,nan,0.0830746740102768
21,0.2010554075241089,0.08124753832817078,0.3937744200229645,1.1704963445663452,0.08124753832817078,0.0003,0.20052066445350647,0.08077505975961685,0.4053710997104645,1.1777541637420654,nan,0.08077505975961685
22,0.20252959430217743,0.08251456171274185,0.38105469942092896,1.1725565195083618,0.08251456171274185,0.0003,0.2064582109451294,0.08560986071825027,0.3648437559604645,1.1947959661483765,nan,0.08560986071825027
23,0.20183077454566956,0.08193296194076538,0.3612060546875,1.1522563695907593,0.08193296194076538,0.0003,0.20108124613761902,0.08122176676988602,0.36455076932907104,1.160988688468933,nan,0.08122176676988602
24,0.19971351325511932,0.0801161602139473,0.3524414002895355,1.134401798248291,0.0801161602139473,0.0003,0.21009330451488495,0.08869468420743942,0.35546875,1.1999328136444092,nan,0.08869468420743942
25,0.20218224823474884,0.08216527104377747,0.35566407442092896,1.1522947549819946,0.08216527104377747,0.0003,0.2067493498325348,0.08581028878688812,0.3486328125,1.1843812465667725,nan,0.08581028878688812
26,0.20095014572143555,0.08116886764764786,0.35163575410842896,1.1444092988967896,0.08116886764764786,0.0003,0.20000556111335754,0.08029661327600479,0.3516601622104645,1.1532334089279175,nan,0.08029661327600479
27,0.20118701457977295,0.08135277032852173,0.3459716737270355,1.1298197507858276,0.08135277032852173,0.0003,0.20190322399139404,0.08173350244760513,0.3519531190395355,1.1411043405532837,nan,0.08173350244760513
28,0.19966736435890198,0.08005714416503906,0.3487548828125,1.1288771629333496,0.08005714416503906,0.0003,0.20045606791973114,0.08066276460886002,0.34589844942092896,1.1466009616851807,nan,0.08066276460886002
29,0.199148029088974,0.07965032011270523,0.33698731660842896,1.1209437847137451,0.07965032011270523,0.0003,0.20019233226776123,0.08036109060049057,0.33154296875,1.1229007244110107,5.210818557728933,0.08036109060049057
30,0.19684258103370667,0.07778985798358917,0.33051759004592896,1.0999352931976318,0.07778985798358917,0.0003,0.1978197544813156,0.07856239378452301,0.31904298067092896,1.1092039346694946,nan,0.07856239378452301
31,0.20176076889038086,0.0818251520395279,0.32158201932907104,1.1256802082061768,0.0818251520395279,0.0003,0.20302705466747284,0.0828271359205246,0.3350585997104645,1.137065052986145,nan,0.0828271359205246
32,0.19994720816612244,0.08037252724170685,0.328369140625,1.10639226436615,0.08037252724170685,0.0003,0.19928789138793945,0.07969244569540024,0.31591796875,1.105787992477417,nan,0.07969244569540024
33,0.20132645964622498,0.08143866807222366,0.3254638612270355,1.1198495626449585,0.08143866807222366,0.0003,0.19666185975074768,0.07763133943080902,0.3408203125,1.1032856702804565,nan,0.07763133943080902
34,0.19958053529262543,0.07997606694698334,0.33024901151657104,1.113222360610962,0.07997606694698334,0.0003,0.20492219924926758,0.08429030328989029,0.32763671875,1.1433765888214111,nan,0.08429030328989029
35,0.19812563061714172,0.07883726060390472,0.3281005918979645,1.104906678199768,0.07883726060390472,0.0003,0.20377953350543976,0.08346600085496902,0.3272460997104645,1.1452348232269287,nan,0.08346600085496902
36,0.20006093382835388,0.0804382935166359,0.33381348848342896,1.1154868602752686,0.0804382935166359,0.0003,0.20137807726860046,0.08146661520004272,0.3296875059604645,1.12209951877594,nan,0.08146661520004272
37,0.1964668333530426,0.07748078554868698,0.3245605528354645,1.087921380996704,0.07748078554868698,0.0003,0.19830422103405,0.07890205085277557,0.32783204317092896,1.1042307615280151,nan,0.07890205085277557
38,0.1970820277929306,0.07797671854496002,0.3241943418979645,1.0929744243621826,0.07797671854496002,0.0003,0.19621145725250244,0.077196404337883,0.30839842557907104,1.086847186088562,nan,0.077196404337883
39,0.1943727433681488,0.07584293186664581,0.3109374940395355,1.0696381330490112,0.07584293186664581,0.0003,0.19360968470573425,0.07515303045511246,0.29023438692092896,1.0640716552734375,4.588708554138796,0.07515303045511246
40,0.19532012939453125,0.07655719667673111,0.30939942598342896,1.0700421333312988,0.07655719667673111,0.0003,0.19405382871627808,0.07554097473621368,0.29179686307907104,1.062953233718872,nan,0.07554097473621368
41,0.1947907656431198,0.0761464387178421,0.307373046875,1.065138816833496,0.0761464387178421,0.0003,0.1953458935022354,0.07650257647037506,0.2841796875,1.056196928024292,nan,0.07650257647037506
42,0.19516626000404358,0.07642211019992828,0.29833984375,1.0652220249176025,0.07642211019992828,0.0003,0.19742457568645477,0.07817922532558441,0.30058592557907104,1.0909556150436401,nan,0.07817922532558441
43,0.19579462707042694,0.07692333310842514,0.306884765625,1.070656657218933,0.07692333310842514,0.0003,0.2022971659898758,0.08229875564575195,0.3109374940395355,1.1258422136306763,nan,0.08229875564575195
44,0.19627444446086884,0.07733064889907837,0.3106445372104645,1.0750943422317505,0.07733064889907837,0.0003,0.19494564831256866,0.07621116191148758,0.2935546934604645,1.0657477378845215,nan,0.07621116191148758
45,0.19652792811393738,0.07751170545816422,0.3014160096645355,1.073966145515442,0.07751170545816422,0.0003,0.20165209472179413,0.08156387507915497,0.29736328125,1.1110773086547852,nan,0.08156387507915497
46,0.1969963163137436,0.07787700742483139,0.3011718690395355,1.0695968866348267,0.07787700742483139,0.0003,0.19537010788917542,0.07659811526536942,0.3036132752895355,1.0631608963012695,nan,0.07659811526536942
47,0.19515198469161987,0.07641617208719254,0.29631346464157104,1.0535459518432617,0.07641617208719254,0.0003,0.1994955837726593,0.07973356544971466,0.2998046875,1.0785566568374634,nan,0.07973356544971466
48,0.19316183030605316,0.074861079454422,0.2908935546875,1.0377057790756226,0.074861079454422,0.0003,0.19143472611904144,0.0735357478260994,0.29472655057907104,1.0386816263198853,nan,0.0735357478260994
49,0.1911209523677826,0.07328157126903534,0.289306640625,1.028370976448059,0.07328157126903534,0.0003,0.19276010990142822,0.07455490529537201,0.291015625,1.0433971881866455,4.347494649406391,0.07455490529537201
50,0.19173415005207062,0.0737626701593399,0.28400880098342896,1.0302079916000366,0.0737626701593399,0.0003,0.1964319795370102,0.07737036049365997,0.29052734375,1.0719209909439087,nan,0.07737036049365997
51,0.19284990429878235,0.07461269199848175,0.2962646484375,1.0369575023651123,0.07461269199848175,0.0003,0.19464023411273956,0.07590250670909882,0.28759765625,1.0408034324645996,nan,0.07590250670909882
52,0.19362221658229828,0.07520090043544769,0.28815919160842896,1.0388559103012085,0.07520090043544769,0.0003,0.195132315158844,0.07638940960168839,0.28291016817092896,1.0609220266342163,nan,0.07638940960168839
53,0.19094985723495483,0.07312525808811188,0.2906250059604645,1.0179595947265625,0.07312525808811188,0.0003,0.19106820225715637,0.07323967665433884,0.28984373807907104,1.029009461402893,nan,0.07323967665433884
54,0.19308440387248993,0.07480435073375702,0.2947998046875,1.0351741313934326,0.07480435073375702,0.0003,0.1934957057237625,0.07511649280786514,0.2945312559604645,1.0413603782653809,nan,0.07511649280786514
55,0.19164110720157623,0.07368592172861099,0.28706055879592896,1.022590160369873,0.07368592172861099,0.0003,0.1941641867160797,0.07568489015102386,0.2872070372104645,1.0538039207458496,nan,0.07568489015102386
56,0.19130653142929077,0.07342306524515152,0.29130858182907104,1.0231907367706299,0.07342306524515152,0.0003,0.21123969554901123,0.08965510129928589,0.27021485567092896,1.1164966821670532,nan,0.08965510129928589
57,0.1987701803445816,0.0793253630399704,0.27534180879592896,1.0661616325378418,0.0793253630399704,0.0003,0.19892878830432892,0.07926647365093231,0.2833007872104645,1.0829427242279053,nan,0.07926647365093231
58,0.1963101178407669,0.07737463712692261,0.2935791015625,1.05839204788208,0.07737463712692261,0.0003,0.19301849603652954,0.07466615736484528,0.2950195372104645,1.045314073562622,nan,0.07466615736484528
59,0.19169403612613678,0.07370200753211975,0.28447264432907104,1.0292863845825195,0.07370200753211975,0.0003,0.19576212763786316,0.07687421143054962,0.2777343690395355,1.0505794286727905,4.520321568390414,0.07687421143054962
60,0.19295895099639893,0.074736088514328,0.2833251953125,1.036775827407837,0.074736088514328,0.0003,0.19213709235191345,0.07408575713634491,0.2823242247104645,1.0370630025863647,nan,0.07408575713634491
61,0.1898985356092453,0.07231859862804413,0.2806152403354645,1.0099797248840332,0.07231859862804413,0.0003,0.1917448341846466,0.07377693802118301,0.28437501192092896,1.0389797687530518,nan,0.07377693802118301
62,0.1906292885541916,0.07288964837789536,0.2791748046875,1.015087604522705,0.07288964837789536,0.0003,0.1917625367641449,0.07384974509477615,0.27685546875,1.027936339378357,nan,0.07384974509477615
63,0.19002272188663483,0.07242585718631744,0.27851563692092896,1.0069940090179443,0.07242585718631744,0.0003,0.1903161257505417,0.07265117764472961,0.2666015625,1.0147888660430908,nan,0.07265117764472961
64,0.1882333904504776,0.07107289880514145,0.27238768339157104,0.9902941584587097,0.07107289880514145,0.0003,0.19303151965141296,0.07478068023920059,0.2686523497104645,1.028019666671753,nan,0.07478068023920059
65,0.19107042253017426,0.07327485084533691,0.27619630098342896,1.0151634216308594,0.07327485084533691,0.0003,0.19053134322166443,0.07281137257814407,0.2842773497104645,1.0190435647964478,nan,0.07281137257814407
66,0.19152863323688507,0.0736219510436058,0.27409666776657104,1.020509958267212,0.0736219510436058,0.0003,0.19528411328792572,0.0765283927321434,0.2802734375,1.0414063930511475,nan,0.0765283927321434
67,0.18881256878376007,0.07148497551679611,0.28068846464157104,0.9972845315933228,0.07148497551679611,0.0003,0.18938300013542175,0.07187952101230621,0.26972657442092896,1.0022978782653809,nan,0.07187952101230621
68,0.18827423453330994,0.07107612490653992,0.2705322206020355,0.9882117509841919,0.07107612490653992,0.0003,0.1901409924030304,0.07250972837209702,0.25361329317092896,0.9921098947525024,nan,0.07250972837209702
69,0.18910686671733856,0.07169970124959946,0.26079100370407104,0.9890464544296265,0.07169970124959946,0.0003,0.1905459463596344,0.0727677270770073,0.27021485567092896,0.995047390460968,4.0561697057794355,0.0727677270770073
70,0.18724647164344788,0.07028716802597046,0.26274412870407104,0.9738460779190063,0.07028716802597046,0.0003,0.18991677463054657,0.07235683500766754,0.2704101502895355,1.0095385313034058,nan,0.07235683500766754
71,0.1860838681459427,0.06941647082567215,0.26298826932907104,0.9663052558898926,0.06941647082567215,0.0003,0.19385677576065063,0.07543900609016418,0.26337891817092896,1.016859531402588,nan,0.07543900609016418
72,0.18794730305671692,0.07080329954624176,0.26079100370407104,0.9798561930656433,0.07080329954624176,0.0003,0.19194483757019043,0.0739668756723404,0.27412110567092896,1.0220820903778076,nan,0.0739668756723404
73,0.1909683495759964,0.07310640811920166,0.2596435546875,1.0010998249053955,0.07310640811920166,0.0003,0.19280143082141876,0.07458879053592682,0.2734375,1.0349957942962646,nan,0.07458879053592682
74,0.18756410479545593,0.0705299824476242,0.26459962129592896,0.9758800268173218,0.0705299824476242,0.0003,0.19275441765785217,0.07459910213947296,0.24960938096046448,1.0149199962615967,nan,0.07459910213947296
75,0.1923140585422516,0.0742889791727066,0.25874024629592896,1.00742769241333,0.0742889791727066,0.0003,0.1938803344964981,0.07542228698730469,0.24580077826976776,1.0162734985351562,nan,0.07542228698730469
76,0.18865813314914703,0.07135540246963501,0.26384276151657104,0.982572078704834,0.07135540246963501,0.0003,0.1961946189403534,0.07732847332954407,0.28046876192092896,1.0527665615081787,nan,0.07732847332954407
77,0.18696720898151398,0.07009627670049667,0.2618408203125,0.9657086133956909,0.07009627670049667,0.0003,0.18724556267261505,0.07033048570156097,0.25800782442092896,0.9815939664840698,nan,0.07033048570156097
78,0.1870313584804535,0.07011070102453232,0.24484863877296448,0.9659311175346375,0.07011070102453232,0.0003,0.18885663151741028,0.07149772346019745,0.2538085877895355,0.990902304649353,nan,0.07149772346019745
79,0.18641769886016846,0.06964994966983795,0.25800782442092896,0.9595390558242798,0.06964994966983795,0.0003,0.18904080986976624,0.07165442407131195,0.24531249701976776,0.989082932472229,4.278590534966272,0.07165442407131195
80,0.19027981162071228,0.07257845997810364,0.2547607421875,0.9889692068099976,0.07257845997810364,0.0003,0.1905316561460495,0.07275357097387314,0.2548828125,0.9926891326904297,nan,0.07275357097387314
81,0.18705153465270996,0.07012421637773514,0.2513671815395355,0.9652599096298218,0.07012421637773514,0.0003,0.18929466605186462,0.07188756763935089,0.24541015923023224,0.9705566167831421,nan,0.07188756763935089
82,0.18430748581886292,0.06808775663375854,0.25175780057907104,0.9382990598678589,0.06808775663375854,0.0003,0.19539718329906464,0.07652001827955246,0.24082031846046448,1.0151331424713135,nan,0.07652001827955246
83,0.1864422857761383,0.06968676298856735,0.2523193359375,0.956820011138916,0.06968676298856735,0.0003,0.19004659354686737,0.072454534471035,0.23544922471046448,0.9778028726577759,nan,0.072454534471035
84,0.18802373111248016,0.07089981436729431,0.2525390684604645,0.9685376286506653,0.07089981436729431,0.0003,0.19581526517868042,0.07687430083751678,0.24140624701976776,1.0128374099731445,nan,0.07687430083751678
85,0.1855369657278061,0.06898696720600128,0.24995116889476776,0.9418540000915527,0.06898696720600128,0.0003,0.19312784075737,0.0748540535569191,0.2587890625,1.011894941329956,nan,0.0748540535569191
86,0.19007834792137146,0.07245621830224991,0.23996582627296448,0.9766823649406433,0.07245621830224991,0.0003,0.19286850094795227,0.07455955445766449,0.2530273497104645,1.0128862857818604,nan,0.07455955445766449
87,0.1886500120162964,0.0713348388671875,0.24211426079273224,0.973056435585022,0.0713348388671875,0.0003,0.19249288737773895,0.07430151849985123,0.2564453184604645,1.0098869800567627,nan,0.07430151849985123
88,0.18486692011356354,0.06847880780696869,0.23818358778953552,0.9405873417854309,0.06847880780696869,0.00015,0.18615645170211792,0.06950144469738007,0.23593750596046448,0.9451904296875,nan,0.06950144469738007
89,0.1830286681652069,0.06713251024484634,0.23684081435203552,0.918095588684082,0.06713251024484634,0.00015,0.1863882839679718,0.06971283257007599,0.24833984673023224,0.9697087407112122,4.387662029558995,0.06971283257007599
90,0.18129019439220428,0.06586054712533951,0.22722168266773224,0.9025973081588745,0.06586054712533951,0.00015,0.18560890853405,0.06906994432210922,0.2216796875,0.9433053731918335,nan,0.06906994432210922
91,0.18066728115081787,0.06538861989974976,0.22783203423023224,0.8935221433639526,0.06538861989974976,0.00015,0.1836002767086029,0.06758382171392441,0.22783203423023224,0.9300664663314819,nan,0.06758382171392441
92,0.17996124923229218,0.06488807499408722,0.23227539658546448,0.8863273859024048,0.06488807499408722,0.00015,0.1850767433643341,0.06866413354873657,0.22744140028953552,0.9375587701797485,nan,0.06866413354873657
93,0.18083412945270538,0.06552021950483322,0.22333984076976776,0.8930853605270386,0.06552021950483322,0.00015,0.18404808640480042,0.06791190057992935,0.23369140923023224,0.9331167340278625,nan,0.06791190057992935
94,0.18044117093086243,0.06522592157125473,0.21389159560203552,0.8877035975456238,0.06522592157125473,0.00015,0.18594355881214142,0.06933949887752533,0.23896484076976776,0.946937084197998,nan,0.06933949887752533
95,0.18046638369560242,0.06524313986301422,0.21730956435203552,0.8860519528388977,0.06524313986301422,0.00015,0.1839376986026764,0.0678437203168869,0.21953125298023224,0.9285199046134949,nan,0.0678437203168869
96,0.17939262092113495,0.06446866691112518,0.22185058891773224,0.8808139562606812,0.06446866691112518,0.00015,0.1836322546005249,0.06761554628610611,0.23759765923023224,0.9242593050003052,nan,0.06761554628610611
97,0.179587259888649,0.06462110579013824,0.22124023735523224,0.8795474171638489,0.06462110579013824,0.00015,0.18422318994998932,0.06801893562078476,0.22158202528953552,0.9263797998428345,nan,0.06801893562078476
98,0.17998893558979034,0.06490454077720642,0.22028808295726776,0.8801217079162598,0.06490454077720642,0.00015,0.18511739373207092,0.0687108263373375,0.24111327528953552,0.9405468702316284,nan,0.0687108263373375
99,0.18069782853126526,0.06541188806295395,0.21938475966453552,0.8851154446601868,0.06541188806295395,0.00015,0.18491967022418976,0.06855101138353348,0.2158203125,0.9329474568367004,4.020614911915782,0.06855101138353348
100,0.17921753227710724,0.06433513760566711,0.2191162109375,0.8715654611587524,0.06433513760566711,0.00015,0.18395176529884338,0.06781736761331558,0.21367187798023224,0.9185371398925781,nan,0.06781736761331558
101,0.1786119043827057,0.06390316784381866,0.20839843153953552,0.8611135482788086,0.06390316784381866,0.00015,0.18376927077770233,0.06769343465566635,0.21660156548023224,0.910519003868103,nan,0.06769343465566635
102,0.17735908925533295,0.06300928443670273,0.20749512314796448,0.8481394648551941,0.06300928443670273,7.5e-05,0.18178191781044006,0.06624729931354523,0.20859375596046448,0.8909632563591003,nan,0.06624729931354523
103,0.17655357718467712,0.062434472143650055,0.1993408203125,0.8362839818000793,0.062434472143650055,7.5e-05,0.18298757076263428,0.06712422519922256,0.20253905653953552,0.9020432233810425,nan,0.06712422519922256
104,0.17629075050354004,0.062247395515441895,0.19914551079273224,0.8364553451538086,0.062247395515441895,7.5e-05,0.1819397658109665,0.06636424362659454,0.21542969346046448,0.8881816864013672,nan,0.06636424362659454
105,0.1763368844985962,0.062280554324388504,0.19775390625,0.8342683911323547,0.062280554324388504,7.5e-05,0.18191662430763245,0.06633220613002777,0.20664063096046448,0.8858174085617065,nan,0.06633220613002777
106,0.17546990513801575,0.06166543811559677,0.19887694716453552,0.8219486474990845,0.06166543811559677,7.5e-05,0.18183857202529907,0.0662810206413269,0.20048828423023224,0.878600001335144,nan,0.0662810206413269
107,0.17537473142147064,0.0615927055478096,0.19353027641773224,0.8215915560722351,0.0615927055478096,7.5e-05,0.181083083152771,0.06574036926031113,0.20156249403953552,0.8783923983573914,nan,0.06574036926031113
108,0.17491698265075684,0.061274267733097076,0.18549804389476776,0.8171072006225586,0.061274267733097076,7.5e-05,0.18075260519981384,0.06549567729234695,0.20722655951976776,0.8751465678215027,nan,0.06549567729234695
109,0.1747700721025467,0.06117556244134903,0.19580078125,0.8154838681221008,0.06117556244134903,7.5e-05,0.18066899478435516,0.06543689966201782,0.20439453423023224,0.8744333386421204,3.682525128357681,0.06543689966201782
110,0.17510570585727692,0.06140551716089249,0.19306640326976776,0.8171314001083374,0.06140551716089249,7.5e-05,0.18068212270736694,0.06543315947055817,0.19560547173023224,0.8667584657669067,nan,0.06543315947055817
111,0.17507204413414001,0.061385899782180786,0.19099120795726776,0.8173538446426392,0.061385899782180786,7.5e-05,0.18162404000759125,0.066118523478508,0.20761719346046448,0.8783308863639832,nan,0.066118523478508
112,0.17517463862895966,0.06145515292882919,0.19406738877296448,0.8160758018493652,0.06145515292882919,7.5e-05,0.1811024248600006,0.06575329601764679,0.19960936903953552,0.8661483526229858,nan,0.06575329601764679
113,0.17568914592266083,0.06181574985384941,0.18696288764476776,0.8185127377510071,0.06181574985384941,7.5e-05,0.18278028070926666,0.0669802725315094,0.19423827528953552,0.8860304951667786,nan,0.0669802725315094
114,0.1753137707710266,0.0615510568022728,0.188232421875,0.8156716227531433,0.0615510568022728,7.5e-05,0.18117408454418182,0.06581003963947296,0.20126953721046448,0.8727381825447083,nan,0.06581003963947296
115,0.1753990799188614,0.061612050980329514,0.18474121391773224,0.816724419593811,0.061612050980329514,7.5e-05,0.18275102972984314,0.06695280224084854,0.19492188096046448,0.8936225771903992,nan,0.06695280224084854
116,0.1756625473499298,0.061795659363269806,0.19011230766773224,0.8190019726753235,0.061795659363269806,7.5e-05,0.1815463751554489,0.06606026738882065,0.19658203423023224,0.8759639859199524,nan,0.06606026738882065
117,0.17470207810401917,0.06112159416079521,0.19265136122703552,0.8122243881225586,0.06112159416079521,7.5e-05,0.18065956234931946,0.06542553007602692,0.19677734375,0.8689058423042297,nan,0.06542553007602692
118,0.17415590584278107,0.060741592198610306,0.18325194716453552,0.8072553873062134,0.060741592198610306,7.5e-05,0.18062663078308105,0.06538869440555573,0.1962890625,0.8662273287773132,nan,0.06538869440555573
119,0.17421185970306396,0.06077966094017029,0.18842773139476776,0.8070358037948608,0.06077966094017029,7.5e-05,0.18125715851783752,0.06586311012506485,0.19052734971046448,0.8674145936965942,3.6746324620453557,0.06586311012506485
120,0.17469550669193268,0.06111842393875122,0.19313964247703552,0.8108871579170227,0.06111842393875122,7.5e-05,0.1814134567975998,0.06594651192426682,0.19775390625,0.8724269866943359,nan,0.06594651192426682
121,0.17534513771533966,0.061570845544338226,0.18666991591453552,0.8178095817565918,0.061570845544338226,7.5e-05,0.18025414645671844,0.06512653827667236,0.20166015625,0.8652890920639038,nan,0.06512653827667236
122,0.17455986142158508,0.061021022498607635,0.18593749403953552,0.80900639295578,0.061021022498607635,7.5e-05,0.18083134293556213,0.065546415746212,0.19179686903953552,0.863806426525116,nan,0.065546415746212
123,0.17525039613246918,0.06150471419095993,0.19235840439796448,0.8143156170845032,0.06150471419095993,7.5e-05,0.18257468938827515,0.06683825701475143,0.20361328125,0.8960343599319458,nan,0.06683825701475143
124,0.17587624490261078,0.06194676086306572,0.19025878608226776,0.8189038038253784,0.06194676086306572,7.5e-05,0.1809518039226532,0.06563720852136612,0.19658203423023224,0.8657013773918152,nan,0.06563720852136612
125,0.17476104199886322,0.061160068958997726,0.1837158203125,0.8083095550537109,0.061160068958997726,7.5e-05,0.18138521909713745,0.06592464447021484,0.19648437201976776,0.8655775189399719,nan,0.06592464447021484
126,0.17541669309139252,0.0616220161318779,0.19291992485523224,0.8137784004211426,0.0616220161318779,7.5e-05,0.18114960193634033,0.06578386574983597,0.19677734375,0.871073842048645,nan,0.06578386574983597
127,0.1750817447900772,0.0613887719810009,0.188720703125,0.8083133697509766,0.0613887719810009,7.5e-05,0.1821313202381134,0.06650159507989883,0.18671874701976776,0.8794978260993958,nan,0.06650159507989883
128,0.17466279864311218,0.06109055131673813,0.18710938096046448,0.8067067265510559,0.06109055131673813,7.5e-05,0.18055883049964905,0.06535737216472626,0.18798828125,0.8680983781814575,nan,0.06535737216472626
129,0.17384088039398193,0.06052445247769356,0.18496093153953552,0.7984234094619751,0.06052445247769356,7.5e-05,0.18136411905288696,0.06593777239322662,0.20468750596046448,0.8767479658126831,3.8214621934705546,0.06593777239322662
130,0.17424148321151733,0.060796283185482025,0.19138184189796448,0.8028677701950073,0.060796283185482025,7.5e-05,0.1808861792087555,0.0655844658613205,0.19423827528953552,0.8701340556144714,nan,0.0655844658613205
131,0.17473433911800385,0.061142902821302414,0.1925048828125,0.8061462640762329,0.061142902821302414,7.5e-05,0.1819542944431305,0.06635401397943497,0.20078125596046448,0.8694575428962708,nan,0.06635401397943497
132,0.17353373765945435,0.0603039488196373,0.18598632514476776,0.7952054738998413,0.0603039488196373,3.75e-05,0.17913863062858582,0.0643295869231224,0.18271484971046448,0.8427068591117859,nan,0.0643295869231224
133,0.1722777783870697,0.0594307966530323,0.17597655951976776,0.7825760245323181,0.0594307966530323,3.75e-05,0.17939725518226624,0.06450716406106949,0.17412109673023224,0.8477168083190918,nan,0.06450716406106949
134,0.17171615362167358,0.05904236435890198,0.17648926377296448,0.7764072418212891,0.05904236435890198,3.75e-05,0.1792648732662201,0.06441943347454071,0.17744140326976776,0.8420225977897644,nan,0.06441943347454071
135,0.17201487720012665,0.059247441589832306,0.18044432997703552,0.7769783735275269,0.059247441589832306,3.75e-05,0.17945075035095215,0.06454353034496307,0.17666015028953552,0.8455899953842163,nan,0.06454353034496307
136,0.17218643426895142,0.05936998128890991,0.17434081435203552,0.7793673276901245,0.05936998128890991,3.75e-05,0.17912383377552032,0.06430329382419586,0.17724609375,0.8405662775039673,nan,0.06430329382419586
137,0.17169860005378723,0.059028565883636475,0.17929688096046448,0.7736285328865051,0.059028565883636475,3.75e-05,0.1788405179977417,0.06410662829875946,0.18437500298023224,0.8350831866264343,nan,0.06410662829875946
138,0.17150375247001648,0.058898258954286575,0.17243652045726776,0.7713894248008728,0.058898258954286575,3.75e-05,0.1789514124393463,0.06420081853866577,0.18837890028953552,0.8363734483718872,nan,0.06420081853866577
139,0.17095740139484406,0.058520250022411346,0.17451171576976776,0.7683652639389038,0.058520250022411346,3.75e-05,0.17885926365852356,0.06412023305892944,0.1826171875,0.8348816633224487,3.5500821255148813,0.06412023305892944
140,0.17164063453674316,0.058994997292757034,0.17287597060203552,0.7720033526420593,0.058994997292757034,3.75e-05,0.17864617705345154,0.06396473199129105,0.17119140923023224,0.839429497718811,nan,0.06396473199129105
141,0.17084605991840363,0.0584450289607048,0.1693115234375,0.766907811164856,0.0584450289607048,3.75e-05,0.1785927563905716,0.06393023580312729,0.17470702528953552,0.8318513035774231,nan,0.06393023580312729
142,0.1707993745803833,0.058411676436662674,0.17133788764476776,0.7659467458724976,0.058411676436662674,3.75e-05,0.17834138870239258,0.06375159323215485,0.18291015923023224,0.8354313969612122,nan,0.06375159323215485
143,0.1708977371454239,0.05848007649183273,0.17644043266773224,0.7665519118309021,0.05848007649183273,3.75e-05,0.1789054274559021,0.06415768712759018,0.18232421576976776,0.8362151980400085,nan,0.06415768712759018
144,0.17078885436058044,0.05840752273797989,0.16862793266773224,0.7659867405891418,0.05840752273797989,3.75e-05,0.17876598238945007,0.06405629962682724,0.18300780653953552,0.8348410725593567,nan,0.06405629962682724
145,0.17070551216602325,0.05834910273551941,0.16669921576976776,0.7660917043685913,0.05834910273551941,3.75e-05,0.17839764058589935,0.06380460411310196,0.18544921278953552,0.8313053250312805,nan,0.06380460411310196
146,0.17060671746730804,0.05828162282705307,0.17033691704273224,0.7657077312469482,0.05828162282705307,3.75e-05,0.1793200820684433,0.06445512920618057,0.18271484971046448,0.8469880819320679,nan,0.06445512920618057
147,0.1706589162349701,0.05831465870141983,0.17575684189796448,0.7645593881607056,0.05831465870141983,3.75e-05,0.17833243310451508,0.06375215202569962,0.17792968451976776,0.831748366355896,nan,0.06375215202569962
148,0.17024165391921997,0.05803232640028,0.16867676377296448,0.7609533071517944,0.05803232640028,3.75e-05,0.17806880176067352,0.06355892866849899,0.17304687201976776,0.8303290605545044,nan,0.06355892866849899
149,0.17022483050823212,0.058017827570438385,0.17460937798023224,0.760030210018158,0.058017827570438385,3.75e-05,0.1784447729587555,0.06382571905851364,0.19648437201976776,0.8346161842346191,3.5881785822531724,0.06382571905851364
150,0.1702176183462143,0.05801456421613693,0.1715087890625,0.7584074139595032,0.05801456421613693,3.75e-05,0.17881707847118378,0.06411512196063995,0.17333984375,0.8285697102546692,nan,0.06411512196063995
151,0.17078347504138947,0.05839761346578598,0.16811522841453552,0.7639102339744568,0.05839761346578598,3.75e-05,0.17851164937019348,0.06387218832969666,0.18291015923023224,0.8359343409538269,nan,0.06387218832969666
152,0.17070120573043823,0.058344822376966476,0.17138671875,0.7628756165504456,0.058344822376966476,3.75e-05,0.1783023625612259,0.06373891979455948,0.17851562798023224,0.8305103182792664,nan,0.06373891979455948
153,0.17094846069812775,0.058513492345809937,0.17514649033546448,0.7637994885444641,0.058513492345809937,3.75e-05,0.1786949336528778,0.06399742513895035,0.18398436903953552,0.8334094882011414,nan,0.06399742513895035
154,0.17040856182575226,0.058142781257629395,0.17009277641773224,0.7601751089096069,0.058142781257629395,3.75e-05,0.17791445553302765,0.06344576179981232,0.17744140326976776,0.8291388750076294,nan,0.06344576179981232
155,0.17025351524353027,0.05803722143173218,0.16835936903953552,0.7592712044715881,0.05803722143173218,3.75e-05,0.17844051122665405,0.06381327658891678,0.17832031846046448,0.8342230916023254,nan,0.06381327658891678
156,0.17024517059326172,0.058029837906360626,0.16850586235523224,0.7578216791152954,0.058029837906360626,3.75e-05,0.17842157185077667,0.06380312889814377,0.16914062201976776,0.8304951786994934,nan,0.06380312889814377
157,0.17038343846797943,0.058123476803302765,0.1666259765625,0.7602554559707642,0.058123476803302765,3.75e-05,0.1784369796514511,0.0638369768857956,0.1689453125,0.8272110223770142,nan,0.0638369768857956
158,0.17041364312171936,0.05814576894044876,0.16618652641773224,0.7571365833282471,0.05814576894044876,3.75e-05,0.17813386023044586,0.06359966844320297,0.16718749701976776,0.8252414464950562,nan,0.06359966844320297
159,0.16999436914920807,0.05786294862627983,0.17038574814796448,0.7564114928245544,0.05786294862627983,3.75e-05,0.17809100449085236,0.06359351426362991,0.17197266221046448,0.8225797414779663,3.546364981066245,0.06359351426362991
160,0.1701587587594986,0.057971514761447906,0.17204590141773224,0.7568385601043701,0.057971514761447906,3.75e-05,0.17824022471904755,0.0636833906173706,0.18134765326976776,0.8317587971687317,nan,0.0636833906173706
161,0.17035868763923645,0.05810604244470596,0.17326660454273224,0.7591256499290466,0.05810604244470596,3.75e-05,0.17846335470676422,0.06384222209453583,0.17460937798023224,0.8281200528144836,nan,0.06384222209453583
162,0.1697937399148941,0.057724446058273315,0.16743163764476776,0.7534570693969727,0.057724446058273315,3.75e-05,0.1779097318649292,0.06346309185028076,0.17041015625,0.8215069770812988,nan,0.06346309185028076
163,0.17065522074699402,0.05831160396337509,0.16416016221046448,0.7594988942146301,0.05831160396337509,3.75e-05,0.17890115082263947,0.06414712965488434,0.18417969346046448,0.8393236398696899,nan,0.06414712965488434
164,0.17077456414699554,0.058392781764268875,0.1727294921875,0.7621082067489624,0.058392781764268875,3.75e-05,0.1787567436695099,0.06406712532043457,0.18095703423023224,0.8300674557685852,nan,0.06406712532043457
165,0.16940730810165405,0.057461149990558624,0.1707763671875,0.7504245638847351,0.057461149990558624,1.875e-05,0.17780745029449463,0.06336618959903717,0.17529296875,0.8269466161727905,nan,0.06336618959903717
166,0.16832628846168518,0.056728243827819824,0.16623535752296448,0.7409315705299377,0.056728243827819824,1.875e-05,0.17704595625400543,0.06282763183116913,0.171875,0.814274787902832,nan,0.06282763183116913
167,0.16794921457767487,0.05647318810224533,0.16899414360523224,0.7398034334182739,0.05647318810224533,1.875e-05,0.17735430598258972,0.06306177377700806,0.17138671875,0.814740777015686,nan,0.06306177377700806
168,0.16822466254234314,0.05665932223200798,0.1668701171875,0.7412379384040833,0.05665932223200798,1.875e-05,0.17715099453926086,0.0629107877612114,0.16865234076976776,0.8155568838119507,nan,0.0629107877612114
169,0.16798441112041473,0.056499235332012177,0.16262206435203552,0.7404543161392212,0.056499235332012177,1.875e-05,0.17722077667713165,0.06295424699783325,0.17031249403953552,0.8161519169807434,3.565260398073518,0.06295424699783325
170,0.1678486317396164,0.05640783905982971,0.16437987983226776,0.7378805875778198,0.05640783905982971,1.875e-05,0.17734374105930328,0.06303875893354416,0.17949219048023224,0.8185378909111023,nan,0.06303875893354416
171,0.1676817387342453,0.05629619210958481,0.16513672471046448,0.7378358244895935,0.05629619210958481,1.875e-05,0.17722217738628387,0.06295882165431976,0.17714843153953552,0.8164717555046082,nan,0.06295882165431976
172,0.16744336485862732,0.056137166917324066,0.16545410454273224,0.7357145547866821,0.056137166917324066,1.875e-05,0.17715328931808472,0.06290670484304428,0.18056640028953552,0.816047191619873,nan,0.06290670484304428
173,0.1673089563846588,0.05604478716850281,0.15717773139476776,0.7342440485954285,0.05604478716850281,1.875e-05,0.17719011008739471,0.06293296813964844,0.16630859673023224,0.8138688802719116,nan,0.06293296813964844
174,0.16735562682151794,0.05607873946428299,0.1602783203125,0.7354794144630432,0.05607873946428299,1.875e-05,0.17712649703025818,0.06289776414632797,0.17060546576976776,0.8124418258666992,nan,0.06289776414632797
175,0.16733533143997192,0.05606136843562126,0.16464844346046448,0.7341169714927673,0.05606136843562126,1.875e-05,0.1772482842206955,0.0629803016781807,0.16806641221046448,0.8132106065750122,nan,0.0629803016781807
176,0.16737067699432373,0.05608470365405083,0.16608886420726776,0.7354285717010498,0.05608470365405083,1.875e-05,0.17727121710777283,0.06299801170825958,0.17050781846046448,0.8134310841560364,nan,0.06299801170825958
177,0.16685763001441956,0.055742062628269196,0.16420897841453552,0.7301994562149048,0.055742062628269196,9.375e-06,0.17739370465278625,0.06307815760374069,0.18339844048023224,0.8166322708129883,nan,0.06307815760374069
178,0.16666558384895325,0.05561477690935135,0.16152343153953552,0.729680061340332,0.05561477690935135,9.375e-06,0.17715473473072052,0.06291172653436661,0.17597655951976776,0.8129093050956726,nan,0.06291172653436661
179,0.16652308404445648,0.05551900342106819,0.16574707627296448,0.728609561920166,0.05551900342106819,9.375e-06,0.17695510387420654,0.0627676397562027,0.17402343451976776,0.8123599886894226,3.5242488459674206,0.0627676397562027
180,0.16651272773742676,0.055513303726911545,0.161376953125,0.7294738292694092,0.055513303726911545,9.375e-06,0.1769145429134369,0.06274458020925522,0.16552734375,0.8091884851455688,nan,0.06274458020925522
181,0.16642233729362488,0.05545341968536377,0.16403809189796448,0.7285939455032349,0.05545341968536377,9.375e-06,0.17688553035259247,0.06271889805793762,0.17499999701976776,0.810206413269043,nan,0.06271889805793762
182,0.16641820967197418,0.05544992536306381,0.16743163764476776,0.7283915281295776,0.05544992536306381,9.375e-06,0.17694160342216492,0.06276285648345947,0.1728515625,0.8115534782409668,nan,0.06276285648345947
183,0.1662839949131012,0.05536136031150818,0.16108398139476776,0.7276172041893005,0.05536136031150818,9.375e-06,0.17687606811523438,0.06271546334028244,0.17353515326976776,0.8096845746040344,nan,0.06271546334028244
184,0.16615751385688782,0.05527830123901367,0.164306640625,0.7263171672821045,0.05527830123901367,9.375e-06,0.1770690679550171,0.06284499168395996,0.17158202826976776,0.8151016235351562,nan,0.06284499168395996
185,0.16631659865379333,0.055383313447237015,0.1627197265625,0.7277504801750183,0.055383313447237015,9.375e-06,0.17722494900226593,0.06295890361070633,0.16728515923023224,0.8155914545059204,nan,0.06295890361070633
186,0.16623945534229279,0.0553305558860302,0.16555175185203552,0.7269893884658813,0.0553305558860302,9.375e-06,0.17689405381679535,0.06272509694099426,0.16542968153953552,0.8107226490974426,nan,0.06272509694099426
187,0.16621145606040955,0.05531347915530205,0.15952149033546448,0.7264391779899597,0.05531347915530205,9.375e-06,0.17715966701507568,0.06291136890649796,0.17666015028953552,0.8127461671829224,nan,0.06291136890649796
188,0.16613180935382843,0.055258750915527344,0.16015625,0.7257978320121765,0.055258750915527344,9.375e-06,0.17685073614120483,0.06269435584545135,0.16435547173023224,0.8097912669181824,nan,0.06269435584545135
189,0.16640055179595947,0.05543828755617142,0.16547851264476776,0.7275850176811218,0.05543828755617142,9.375e-06,0.17702502012252808,0.06281524896621704,0.169921875,0.813507080078125,3.5501377105795777,0.06281524896621704
190,0.16621534526348114,0.05531453341245651,0.16176757216453552,0.7272195219993591,0.05531453341245651,9.375e-06,0.1769677847623825,0.06277870386838913,0.16875000298023224,0.8134187459945679,nan,0.06277870386838913
191,0.1661454737186432,0.05526735633611679,0.16267089545726776,0.7254464030265808,0.05526735633611679,9.375e-06,0.17689047753810883,0.06272144615650177,0.17431640625,0.810335636138916,nan,0.06272144615650177
192,0.16617867350578308,0.05529013276100159,0.16342774033546448,0.7266985177993774,0.05529013276100159,9.375e-06,0.17676404118537903,0.06263257563114166,0.16826172173023224,0.8095281720161438,nan,0.06263257563114166
193,0.16625097393989563,0.055338431149721146,0.16010741889476776,0.7272747159004211,0.055338431149721146,9.375e-06,0.17683178186416626,0.06268398463726044,0.16767577826976776,0.8100022077560425,nan,0.06268398463726044
194,0.16626225411891937,0.05534791201353073,0.15883788466453552,0.726373553276062,0.05534791201353073,9.375e-06,0.17682389914989471,0.06267520040273666,0.18037109076976776,0.8090826272964478,nan,0.06267520040273666
195,0.16599634289741516,0.05516919493675232,0.16396483778953552,0.7248998284339905,0.05516919493675232,9.375e-06,0.1768811047077179,0.06271680444478989,0.17724609375,0.8105553388595581,nan,0.06271680444478989
196,0.1659022718667984,0.055105578154325485,0.1611328125,0.7247694730758667,0.055105578154325485,9.375e-06,0.17686712741851807,0.06270922720432281,0.16708984971046448,0.8081805109977722,nan,0.06270922720432281
197,0.16591563820838928,0.05511505529284477,0.16547851264476776,0.7251063585281372,0.05511505529284477,9.375e-06,0.17683465778827667,0.06268642842769623,0.1748046875,0.8087491989135742,nan,0.06268642842769623
198,0.1658519059419632,0.05507347732782364,0.15908202528953552,0.7243393659591675,0.05507347732782364,9.375e-06,0.1769813746213913,0.06278728693723679,0.17705078423023224,0.8094606399536133,nan,0.06278728693723679
199,0.1658528745174408,0.05507218837738037,0.16496582329273224,0.724601149559021,0.05507218837738037,9.375e-06,0.17678400874137878,0.06265146285295486,0.1689453125,0.8093452453613281,3.5280157611432523,0.06265146285295486
200,0.16569271683692932,0.054966021329164505,0.1591796875,0.723039984703064,0.054966021329164505,9.375e-06,0.17675724625587463,0.06263342499732971,0.17119140923023224,0.8088347315788269,nan,0.06263342499732971
201,0.16581711173057556,0.05504943057894707,0.16267089545726776,0.7229386568069458,0.05504943057894707,9.375e-06,0.17657797038555145,0.06250758469104767,0.16269531846046448,0.8066109418869019,nan,0.06250758469104767
202,0.16578461229801178,0.055028896778821945,0.16208496689796448,0.7241472005844116,0.055028896778821945,9.375e-06,0.1767038106918335,0.06259094923734665,0.1728515625,0.8071044683456421,nan,0.06259094923734665
203,0.16556057333946228,0.0548786036670208,0.16645507514476776,0.7221503257751465,0.0548786036670208,9.375e-06,0.17685578763484955,0.06269381940364838,0.17275390028953552,0.8091166615486145,nan,0.06269381940364838
204,0.16552141308784485,0.054853539913892746,0.16386719048023224,0.7220669388771057,0.054853539913892746,9.375e-06,0.17667438089847565,0.06257350742816925,0.17724609375,0.8050053715705872,nan,0.06257350742816925
205,0.16573315858840942,0.05499359220266342,0.16645507514476776,0.7229076623916626,0.05499359220266342,9.375e-06,0.1768215149641037,0.06267204135656357,0.17373046278953552,0.8091421127319336,nan,0.06267204135656357
206,0.16570039093494415,0.05497313290834427,0.1585693359375,0.7234427332878113,0.05497313290834427,9.375e-06,0.17666958272457123,0.06256814301013947,0.17529296875,0.8051657676696777,nan,0.06256814301013947
207,0.16566763818264008,0.054950278252363205,0.16506347060203552,0.7225593328475952,0.054950278252363205,9.375e-06,0.17677898705005646,0.06264461576938629,0.17558594048023224,0.8076288104057312,nan,0.06264461576938629
208,0.16561467945575714,0.05491602420806885,0.1611328125,0.7219080328941345,0.05491602420806885,9.375e-06,0.17664757370948792,0.06255167722702026,0.17490234971046448,0.8084319829940796,nan,0.06255167722702026
209,0.16564013063907623,0.054930977523326874,0.16264648735523224,0.722503125667572,0.054930977523326874,9.375e-06,0.17656560242176056,0.06249358505010605,0.17080077528953552,0.8043533563613892,3.50373312066827,0.06249358505010605
210,0.16558672487735748,0.05489669367671013,0.16184082627296448,0.722040057182312,0.05489669367671013,9.375e-06,0.1767999231815338,0.06265468895435333,0.16738280653953552,0.8086387515068054,nan,0.06265468895435333
211,0.1655140221118927,0.05485014244914055,0.16484375298023224,0.721132218837738,0.05485014244914055,9.375e-06,0.1766994148492813,0.06258426606655121,0.18134765326976776,0.8098535537719727,nan,0.06258426606655121
212,0.16566939651966095,0.05495138838887215,0.15988770127296448,0.722042977809906,0.05495138838887215,9.375e-06,0.17664559185504913,0.0625496506690979,0.17197266221046448,0.8063822984695435,nan,0.0625496506690979
213,0.1654721051454544,0.05481964349746704,0.16464844346046448,0.7213171124458313,0.05481964349746704,9.375e-06,0.1764923632144928,0.062440644949674606,0.17441406846046448,0.8052507638931274,nan,0.062440644949674606
214,0.16551312804222107,0.054848622530698776,0.16535644233226776,0.7212997674942017,0.054848622530698776,9.375e-06,0.17648473381996155,0.06243500858545303,0.17792968451976776,0.8056987524032593,nan,0.06243500858545303
215,0.16550806164741516,0.054844729602336884,0.16208496689796448,0.7208861112594604,0.054844729602336884,9.375e-06,0.17664745450019836,0.0625552088022232,0.16220703721046448,0.8060070872306824,nan,0.0625552088022232
216,0.16569000482559204,0.05496404692530632,0.16171875596046448,0.7221283912658691,0.05496404692530632,9.375e-06,0.17682142555713654,0.0626792162656784,0.17011718451976776,0.8070042729377747,nan,0.0626792162656784
217,0.16541112959384918,0.05477946996688843,0.16298827528953552,0.720462441444397,0.05477946996688843,9.375e-06,0.1766480952501297,0.06254880130290985,0.181640625,0.8077548742294312,nan,0.06254880130290985
218,0.16535010933876038,0.054739199578762054,0.15874023735523224,0.7202990055084229,0.054739199578762054,9.375e-06,0.17650282382965088,0.06244603544473648,0.17373046278953552,0.8058785200119019,nan,0.06244603544473648
219,0.1653710901737213,0.05475505441427231,0.16035155951976776,0.719880223274231,0.05475505441427231,9.375e-06,0.17657823860645294,0.06250117719173431,0.16484375298023224,0.8071384429931641,3.525894951356618,0.06250117719173431
220,0.16529104113578796,0.05470116809010506,0.160888671875,0.7199985384941101,0.05470116809010506,9.375e-06,0.176559716463089,0.062483083456754684,0.17861327528953552,0.8056689500808716,nan,0.062483083456754684
221,0.16527865827083588,0.05469268560409546,0.158203125,0.719791054725647,0.05469268560409546,9.375e-06,0.1765109747648239,0.06245321035385132,0.17470702528953552,0.8070935010910034,nan,0.06245321035385132
222,0.1653355360031128,0.05472903326153755,0.16237792372703552,0.7200064659118652,0.05472903326153755,9.375e-06,0.17679324746131897,0.06264932453632355,0.17539063096046448,0.8090150952339172,nan,0.06264932453632355
223,0.16541935503482819,0.05478518456220627,0.15532226860523224,0.7202972769737244,0.05478518456220627,9.375e-06,0.17642459273338318,0.06239153817296028,0.17207030951976776,0.8044213056564331,nan,0.06239153817296028
224,0.16523012518882751,0.054661016911268234,0.1585693359375,0.71941739320755,0.054661016911268234,9.375e-06,0.1766345500946045,0.06253781914710999,0.16767577826976776,0.8095370531082153,nan,0.06253781914710999
225,0.1652832329273224,0.05469498038291931,0.16389159858226776,0.7199113965034485,0.05469498038291931,9.375e-06,0.17646463215351105,0.06242521479725838,0.16523437201976776,0.8027877807617188,nan,0.06242521479725838
226,0.16511230170726776,0.05458270385861397,0.163818359375,0.7180163860321045,0.05458270385861397,9.375e-06,0.17621439695358276,0.06224406883120537,0.17011718451976776,0.8030050992965698,nan,0.06224406883120537
227,0.16520801186561584,0.05464635044336319,0.162109375,0.7189835906028748,0.05464635044336319,9.375e-06,0.1764289289712906,0.062395792454481125,0.16669921576976776,0.8037803769111633,nan,0.062395792454481125
228,0.16501368582248688,0.05451824516057968,0.16264648735523224,0.7179077863693237,0.05451824516057968,9.375e-06,0.17661933600902557,0.06253140419721603,0.17050781846046448,0.8068662881851196,nan,0.06253140419721603
229,0.16512151062488556,0.054588306695222855,0.16203613579273224,0.7183102369308472,0.054588306695222855,9.375e-06,0.1766323447227478,0.06253758817911148,0.17177733778953552,0.8067083358764648,3.5537815018663017,0.06253758817911148
230,0.16514846682548523,0.05460469797253609,0.1644287109375,0.718680202960968,0.05460469797253609,9.375e-06,0.176491379737854,0.06244019418954849,0.16816405951976776,0.8054556846618652,nan,0.06244019418954849
231,0.16513749957084656,0.05459681898355484,0.16325683891773224,0.7194255590438843,0.05459681898355484,9.375e-06,0.17634433507919312,0.06233954429626465,0.17177733778953552,0.8046368360519409,nan,0.06233954429626465
232,0.16511806845664978,0.05458550527691841,0.16547851264476776,0.718975841999054,0.05458550527691841,9.375e-06,0.1765371561050415,0.06247330829501152,0.17958983778953552,0.8066011667251587,nan,0.06247330829501152
233,0.1650957316160202,0.05457010865211487,0.16472168266773224,0.7181232571601868,0.05457010865211487,9.375e-06,0.17651604115962982,0.06245606020092964,0.17207030951976776,0.8041423559188843,nan,0.06245606020092964
234,0.1651737242937088,0.05462103337049484,0.16108398139476776,0.7187680006027222,0.05462103337049484,9.375e-06,0.1762985736131668,0.06229962781071663,0.1669921875,0.8040128946304321,nan,0.06229962781071663
235,0.16490291059017181,0.05444471910595894,0.15898437798023224,0.7173954248428345,0.05444471910595894,9.375e-06,0.1763737052679062,0.06235774606466293,0.17617186903953552,0.8026233911514282,nan,0.06235774606466293
236,0.16478946805000305,0.054368000477552414,0.16171875596046448,0.7167961597442627,0.054368000477552414,9.375e-06,0.17645078897476196,0.06240936368703842,0.17324218153953552,0.8035686612129211,nan,0.06240936368703842
237,0.16448518633842468,0.05416841059923172,0.16005858778953552,0.7144338488578796,0.05416841059923172,4.6875e-06,0.17652438580989838,0.06246229261159897,0.17041015625,0.8053216934204102,nan,0.06246229261159897
238,0.16438713669776917,0.05410407856106758,0.16184082627296448,0.7139419317245483,0.05410407856106758,4.6875e-06,0.17614464461803436,0.06219633296132088,0.17167969048023224,0.8008220791816711,nan,0.06219633296132088
239,0.16443124413490295,0.054132431745529175,0.16281738877296448,0.7144302129745483,0.054132431745529175,4.6875e-06,0.17633278667926788,0.062325991690158844,0.17099609971046448,0.8033053278923035,3.538952991267314,0.062325991690158844
240,0.1643335521221161,0.054068464785814285,0.15761718153953552,0.7133408784866333,0.054068464785814285,4.6875e-06,0.1764957159757614,0.062438637018203735,0.17158202826976776,0.8034693598747253,nan,0.062438637018203735
241,0.16446229815483093,0.054153263568878174,0.16062012314796448,0.713925838470459,0.054153263568878174,4.6875e-06,0.17645041644573212,0.06241129711270332,0.17880859971046448,0.8041170835494995,nan,0.06241129711270332
242,0.16439518332481384,0.05410848930478096,0.15922851860523224,0.7143059968948364,0.05410848930478096,4.6875e-06,0.1762228012084961,0.06225092336535454,0.17148438096046448,0.800544261932373,nan,0.06225092336535454
243,0.16436466574668884,0.054089345037937164,0.16501465439796448,0.7137036323547363,0.054089345037937164,4.6875e-06,0.17634408175945282,0.062336958944797516,0.1611328125,0.8026012182235718,nan,0.062336958944797516
244,0.16443881392478943,0.05413776636123657,0.15700682997703552,0.7150777578353882,0.05413776636123657,4.6875e-06,0.17629815638065338,0.06230400875210762,0.17783203721046448,0.8010786175727844,nan,0.06230400875210762
245,0.1644362062215805,0.0541362464427948,0.1614990234375,0.7133156657218933,0.0541362464427948,4.6875e-06,0.17643213272094727,0.06239813566207886,0.17402343451976776,0.8029063940048218,nan,0.06239813566207886
246,0.16428089141845703,0.054033756256103516,0.16423340141773224,0.7135096788406372,0.054033756256103516,4.6875e-06,0.176314115524292,0.06231164187192917,0.17167969048023224,0.803134560585022,nan,0.06231164187192917
247,0.16423600912094116,0.05400408059358597,0.16450195014476776,0.7135580778121948,0.05400408059358597,4.6875e-06,0.17634719610214233,0.06233467906713486,0.17695312201976776,0.8027895092964172,nan,0.06233467906713486
248,0.16428056359291077,0.05403370410203934,0.16647949814796448,0.7140868902206421,0.05403370410203934,4.6875e-06,0.17632904648780823,0.06232686713337898,0.17890624701976776,0.8022662401199341,nan,0.06232686713337898
249,0.16410312056541443,0.05391637235879898,0.16347655653953552,0.7126615047454834,0.05391637235879898,2.34375e-06,0.17621806263923645,0.06224622577428818,0.169921875,0.801132082939148,3.5335019126147302,0.06224622577428818
250,0.16410855948925018,0.05392220616340637,0.15949706733226776,0.7124248743057251,0.05392220616340637,2.34375e-06,0.1762201189994812,0.06224687770009041,0.17109374701976776,0.8014857172966003,nan,0.06224687770009041
251,0.1639864593744278,0.053840868175029755,0.16042479872703552,0.7124407887458801,0.053840868175029755,2.34375e-06,0.17623624205589294,0.06225714832544327,0.16630859673023224,0.8014912605285645,nan,0.06225714832544327
252,0.16400618851184845,0.053854845464229584,0.163330078125,0.7121168375015259,0.053854845464229584,2.34375e-06,0.17629782855510712,0.06230158731341362,0.17499999701976776,0.8025809526443481,nan,0.06230158731341362
253,0.16394591331481934,0.05381432920694351,0.156494140625,0.7114492654800415,0.05381432920694351,2.34375e-06,0.17645598948001862,0.06241047382354736,0.16513672471046448,0.8043370246887207,nan,0.06241047382354736
254,0.1639552265405655,0.05382079631090164,0.16628417372703552,0.7115302085876465,0.05382079631090164,2.34375e-06,0.17620766162872314,0.06223645806312561,0.17519530653953552,0.8008803129196167,nan,0.06223645806312561
255,0.16402535140514374,0.05386483669281006,0.15729980170726776,0.71224045753479,0.05386483669281006,2.34375e-06,0.17623145878314972,0.06225472688674927,0.17060546576976776,0.8024221658706665,nan,0.06225472688674927
256,0.16393786668777466,0.053808219730854034,0.15859374403953552,0.7116580605506897,0.053808219730854034,2.34375e-06,0.1763085126876831,0.06230751425027847,0.17080077528953552,0.8031454086303711,nan,0.06230751425027847
257,0.16398704051971436,0.05384017899632454,0.15825195610523224,0.7115960717201233,0.05384017899632454,2.34375e-06,0.1762179434299469,0.062246114015579224,0.16132812201976776,0.8014606237411499,nan,0.062246114015579224
258,0.16395072638988495,0.05381624028086662,0.16350097954273224,0.712171196937561,0.05381624028086662,2.34375e-06,0.1762489527463913,0.06226632744073868,0.16455078125,0.8014804124832153,nan,0.06226632744073868
