epoch,cd_p_metric,cd_t_metric,clump_metric,dcd_metric,loss,lr,val_cd_p_metric,val_cd_t_metric,val_clump_metric,val_dcd_metric,val_loss
0,0.9302961230278015,1.9516805410385132,0.546337902545929,1.95540452003479,1.9516805410385132,6e-05,0.9538833498954773,1.8879600763320923,0.4122070372104645,1.9899320602416992,1.8879600763320923
1,0.634860634803772,0.8804576992988586,0.6871582269668579,1.8958826065063477,0.8804576992988586,0.00012,0.5264620780944824,0.5574723482131958,0.7503906488418579,1.8829858303070068,0.5574723482131958
2,0.5259081125259399,0.5986208915710449,0.7635498046875,1.8684852123260498,0.5986208915710449,0.00018,0.46597179770469666,0.44951415061950684,0.6709960699081421,1.8519458770751953,0.44951415061950684
3,0.4848859906196594,0.5050593614578247,0.716796875,1.8256117105484009,0.5050593614578247,0.00024,0.31715673208236694,0.2085961550474167,0.6712890863418579,1.6712656021118164,0.2085961550474167
4,0.353679895401001,0.26109078526496887,0.707934558391571,1.7050044536590576,0.26109078526496887,0.0003,0.2759977877140045,0.15559490025043488,0.663867175579071,1.5520079135894775,0.15559490025043488
5,0.28429949283599854,0.16613392531871796,0.6200927495956421,1.5629819631576538,0.16613392531871796,0.0003,0.26811128854751587,0.14776723086833954,0.62890625,1.5449106693267822,0.14776723086833954
6,0.25337326526641846,0.13053633272647858,0.5282958745956421,1.4517829418182373,0.13053633272647858,0.0003,0.26496201753616333,0.14087815582752228,0.42597657442092896,1.3975393772125244,0.14087815582752228
7,0.2436387836933136,0.11994270235300064,0.4342285096645355,1.3591892719268799,0.11994270235300064,0.0003,0.23558716475963593,0.1118844747543335,0.36865234375,1.3066136837005615,0.1118844747543335
8,0.22933915257453918,0.106120765209198,0.3808349668979645,1.2881654500961304,0.106120765209198,0.0003,0.22215226292610168,0.0990297794342041,0.3934570252895355,1.2683156728744507,0.0990297794342041
9,0.2330082356929779,0.10962363332509995,0.34724122285842896,1.275222897529602,0.10962363332509995,0.0003,0.24389047920703888,0.1192825585603714,0.34404295682907104,1.314996361732483,0.1192825585603714
10,0.2300681173801422,0.10665533691644669,0.3567138612270355,1.2777705192565918,0.10665533691644669,0.0003,0.21656665205955505,0.09424009174108505,0.32958984375,1.218693733215332,0.09424009174108505
11,0.2137969434261322,0.0919107124209404,0.33369141817092896,1.197908639907837,0.0919107124209404,0.0003,0.2156972885131836,0.09354713559150696,0.31767576932907104,1.2096444368362427,0.09354713559150696
12,0.21180832386016846,0.09033899009227753,0.310302734375,1.161877989768982,0.09033899009227753,0.0003,0.20677343010902405,0.08580164611339569,0.32001954317092896,1.135666847229004,0.08580164611339569
13,0.20950233936309814,0.08820071071386337,0.3041748106479645,1.149949550628662,0.08820071071386337,0.0003,0.2256363332271576,0.10212516784667969,0.2745117247104645,1.1861512660980225,0.10212516784667969
14,0.2116086184978485,0.0901544839143753,0.296875,1.147828459739685,0.0901544839143753,0.0003,0.21323876082897186,0.09120835363864899,0.2935546934604645,1.1688156127929688,0.09120835363864899
15,0.21154364943504333,0.0900428518652916,0.29899901151657104,1.1491022109985352,0.0900428518652916,0.0003,0.22649690508842468,0.10295349359512329,0.2847656309604645,1.2076903581619263,0.10295349359512329
16,0.20730891823768616,0.08637366443872452,0.28742676973342896,1.1154605150222778,0.08637366443872452,0.0003,0.2201778143644333,0.0972781777381897,0.25566405057907104,1.1782159805297852,0.0972781777381897
17,0.20921556651592255,0.08822665363550186,0.28986817598342896,1.1252787113189697,0.08822665363550186,0.0003,0.20185217261314392,0.08166603744029999,0.26435548067092896,1.082948923110962,0.08166603744029999
18,0.20929670333862305,0.08807124942541122,0.2897705137729645,1.1289355754852295,0.08807124942541122,0.0003,0.20281295478343964,0.08239952474832535,0.2841796875,1.1017382144927979,0.08239952474832535
19,0.2040952444076538,0.08367504179477692,0.27080076932907104,1.0935224294662476,0.08367504179477692,0.0003,0.20380015671253204,0.0832456573843956,0.2587890625,1.0841796398162842,0.0832456573843956
20,0.2001255452632904,0.08036249876022339,0.27619630098342896,1.0708740949630737,0.08036249876022339,0.0003,0.19943132996559143,0.0797349289059639,0.26826173067092896,1.069995641708374,0.0797349289059639
21,0.19952696561813354,0.0799233540892601,0.2794433534145355,1.0696158409118652,0.0799233540892601,0.0003,0.20518212020397186,0.08441707491874695,0.27656251192092896,1.1117699146270752,0.08441707491874695
22,0.21042032539844513,0.08912314474582672,0.2739501893520355,1.1283730268478394,0.08912314474582672,0.0003,0.20777925848960876,0.08672116696834564,0.28759765625,1.11922287940979,0.08672116696834564
23,0.20268134772777557,0.08249882608652115,0.27937012910842896,1.0840810537338257,0.08249882608652115,0.0003,0.19878016412258148,0.07926838099956512,0.2879882752895355,1.0828030109405518,0.07926838099956512
24,0.20735344290733337,0.08630550652742386,0.27668458223342896,1.1145600080490112,0.08630550652742386,0.0003,0.2086772471666336,0.08736126124858856,0.2959960997104645,1.1351048946380615,0.08736126124858856
25,0.20154576003551483,0.0815092921257019,0.2707275450229645,1.0764756202697754,0.0815092921257019,0.0003,0.2015550434589386,0.08150437474250793,0.2791992127895355,1.0874905586242676,0.08150437474250793
26,0.20249605178833008,0.08237645775079727,0.2708496153354645,1.0799195766448975,0.08237645775079727,0.0003,0.19855749607086182,0.07899707555770874,0.2621093690395355,1.065597414970398,0.07899707555770874
27,0.20182259380817413,0.08181881159543991,0.2625732421875,1.0671439170837402,0.08181881159543991,0.0003,0.20597746968269348,0.08509207516908646,0.2823242247104645,1.0895386934280396,0.08509207516908646
28,0.20106108486652374,0.08104796707630157,0.257080078125,1.0598167181015015,0.08104796707630157,0.0003,0.2022668868303299,0.08200986683368683,0.2691406309604645,1.0849019289016724,0.08200986683368683
29,0.201214000582695,0.08127322047948837,0.25532227754592896,1.0575168132781982,0.08127322047948837,0.0003,0.20086033642292023,0.08083143085241318,0.24277344346046448,1.0508270263671875,0.08083143085241318
30,0.19823914766311646,0.0788237527012825,0.24660643935203552,1.0345395803451538,0.0788237527012825,0.0003,0.19691535830497742,0.0778035894036293,0.26005858182907104,1.0398199558258057,0.0778035894036293
31,0.20345167815685272,0.08315739035606384,0.23703613877296448,1.0631183385849,0.08315739035606384,0.0003,0.19835379719734192,0.07882292568683624,0.22861328721046448,1.0269066095352173,0.07882292568683624
32,0.19991716742515564,0.0802021399140358,0.23776856064796448,1.038811445236206,0.0802021399140358,0.0003,0.20845523476600647,0.08725033700466156,0.24550780653953552,1.0922491550445557,0.08725033700466156
33,0.21894511580467224,0.0971626490354538,0.2381591796875,1.1365625858306885,0.0971626490354538,0.0003,0.2060609757900238,0.08512717485427856,0.24062499403953552,1.0937649011611938,0.08512717485427856
34,0.20517194271087646,0.0844193696975708,0.239501953125,1.0802291631698608,0.0844193696975708,0.0003,0.20376868546009064,0.08328014612197876,0.24394531548023224,1.0854437351226807,0.08328014612197876
35,0.19945576786994934,0.07977034896612167,0.24943847954273224,1.0476462841033936,0.07977034896612167,0.0003,0.2107609510421753,0.08922078460454941,0.29121094942092896,1.1470986604690552,0.08922078460454941
36,0.19922980666160583,0.07965537905693054,0.25324708223342896,1.0460716485977173,0.07965537905693054,0.0003,0.19733195006847382,0.07806439697742462,0.24277344346046448,1.0412575006484985,0.07806439697742462
37,0.20518262684345245,0.08451949805021286,0.24758300185203552,1.0838854312896729,0.08451949805021286,0.0003,0.20010347664356232,0.0802859514951706,0.2745117247104645,1.0743017196655273,0.0802859514951706
38,0.20069846510887146,0.0808459222316742,0.25041502714157104,1.0631681680679321,0.0808459222316742,0.0003,0.20872625708580017,0.08736518770456314,0.23085936903953552,1.0813003778457642,0.08736518770456314
39,0.19858935475349426,0.0790819376707077,0.24252930283546448,1.043369174003601,0.0790819376707077,0.0003,0.19671593606472015,0.0775415450334549,0.2547851502895355,1.0309470891952515,0.0775415450334549
40,0.19373799860477448,0.07522865384817123,0.25285643339157104,1.0101901292800903,0.07522865384817123,0.0003,0.19338065385818481,0.07493465393781662,0.25996094942092896,1.017341136932373,0.07493465393781662
41,0.19113829731941223,0.07323306798934937,0.2413330078125,0.9853442311286926,0.07323306798934937,0.0003,0.196415975689888,0.07731999456882477,0.2652343809604645,1.0450156927108765,0.07731999456882477
42,0.19677914679050446,0.07773365080356598,0.2384033203125,1.023820400238037,0.07773365080356598,0.0003,0.19394536316394806,0.07538863271474838,0.24765625596046448,1.0115118026733398,0.07538863271474838
43,0.1967669427394867,0.07765983790159225,0.24287109076976776,1.0212986469268799,0.07765983790159225,0.0003,0.2063465118408203,0.08526702225208282,0.25126951932907104,1.1020127534866333,0.08526702225208282
44,0.19550076127052307,0.07664571702480316,0.24294432997703552,1.0165693759918213,0.07664571702480316,0.0003,0.19707953929901123,0.0778171569108963,0.2513671815395355,1.026855707168579,0.0778171569108963
45,0.1970284879207611,0.07784752547740936,0.23056641221046448,1.024025797843933,0.07784752547740936,0.0003,0.1986210197210312,0.07904712855815887,0.22304686903953552,1.0357946157455444,0.07904712855815887
46,0.19730274379253387,0.07811268419027328,0.23896484076976776,1.021351933479309,0.07811268419027328,0.0003,0.19402362406253815,0.07546284049749374,0.22832031548023224,0.9960652589797974,0.07546284049749374
47,0.19134102761745453,0.07338567078113556,0.23139648139476776,0.981751561164856,0.07338567078113556,0.0003,0.19566528499126434,0.07674704492092133,0.24912109971046448,1.0353341102600098,0.07674704492092133
48,0.19275695085525513,0.0744912177324295,0.23698730766773224,0.993081271648407,0.0744912177324295,0.0003,0.20630013942718506,0.08540873229503632,0.212890625,1.0586950778961182,0.08540873229503632
49,0.19169338047504425,0.0736347883939743,0.22866210341453552,0.9818158149719238,0.0736347883939743,0.0003,0.19081301987171173,0.0729627013206482,0.21914061903953552,0.9810705184936523,0.0729627013206482
50,0.19036425650119781,0.07263065874576569,0.23232421278953552,0.9728524088859558,0.07263065874576569,0.0003,0.1921970248222351,0.07400046288967133,0.23701171576976776,0.9913118481636047,0.07400046288967133
51,0.1953476369380951,0.07656314969062805,0.23193359375,1.009008765220642,0.07656314969062805,0.0003,0.20352622866630554,0.08314049243927002,0.24248047173023224,1.073218584060669,0.08314049243927002
52,0.19317416846752167,0.07481984049081802,0.2239990234375,0.9879767298698425,0.07481984049081802,0.0003,0.192221999168396,0.07406292855739594,0.23857422173023224,0.9835901260375977,0.07406292855739594
53,0.19311170279979706,0.07476340234279633,0.22207030653953552,0.9869920015335083,0.07476340234279633,0.0003,0.19437825679779053,0.07569372653961182,0.21474608778953552,1.0030078887939453,0.07569372653961182
54,0.1932554394006729,0.07485396414995193,0.224609375,0.9892479181289673,0.07485396414995193,0.0003,0.19290919601917267,0.07456370443105698,0.21669921278953552,0.9858501553535461,0.07456370443105698
55,0.19467496871948242,0.07600153982639313,0.21352538466453552,0.9924619793891907,0.07600153982639313,0.0003,0.19958171248435974,0.07996296882629395,0.22978515923023224,1.0435590744018555,0.07996296882629395
56,0.19485291838645935,0.07622255384922028,0.22499999403953552,0.9922491312026978,0.07622255384922028,0.0003,0.23698043823242188,0.11270737648010254,0.18603515625,1.1666028499603271,0.11270737648010254
57,0.20165953040122986,0.08181501924991608,0.21860352158546448,1.0322202444076538,0.08181501924991608,0.0003,0.19601237773895264,0.0769914761185646,0.22343750298023224,1.0190293788909912,0.0769914761185646
58,0.19291546940803528,0.07459524273872375,0.216796875,0.9813626408576965,0.07459524273872375,0.0003,0.19273076951503754,0.07445503026247025,0.24296875298023224,0.9824464917182922,0.07445503026247025
59,0.19416531920433044,0.07559555768966675,0.21757812798023224,0.9889421463012695,0.07559555768966675,0.0003,0.20837800204753876,0.08704855293035507,0.19990234076976776,1.0615555047988892,0.08704855293035507
60,0.19124671816825867,0.07336726039648056,0.20466308295726776,0.9618684649467468,0.07336726039648056,0.00015,0.19084742665290833,0.07305902987718582,0.20517578721046448,0.95646733045578,0.07305902987718582
61,0.185718834400177,0.06911381334066391,0.19438476860523224,0.9175299406051636,0.06911381334066391,0.00015,0.18947769701480865,0.07198063284158707,0.21298828721046448,0.9646496772766113,0.07198063284158707
62,0.1860615462064743,0.06938226521015167,0.20070800185203552,0.9242494702339172,0.06938226521015167,0.00015,0.19378572702407837,0.07528573274612427,0.20664063096046448,0.9716300964355469,0.07528573274612427
63,0.18521590530872345,0.06873363256454468,0.20720215141773224,0.9145401120185852,0.06873363256454468,0.00015,0.1887212097644806,0.07137328386306763,0.20703125,0.941300094127655,0.07137328386306763
64,0.184504896402359,0.06820391118526459,0.19306640326976776,0.9073797464370728,0.06820391118526459,0.00015,0.18787306547164917,0.07074599713087082,0.20732422173023224,0.9343928098678589,0.07074599713087082
65,0.1852242350578308,0.06873082369565964,0.197998046875,0.9115584492683411,0.06873082369565964,0.00015,0.18758538365364075,0.0705343633890152,0.1982421875,0.9431754350662231,0.0705343633890152
66,0.18478992581367493,0.06842296570539474,0.199462890625,0.9111666679382324,0.06842296570539474,0.00015,0.1870744824409485,0.07015862315893173,0.19707031548023224,0.940841019153595,0.07015862315893173
67,0.18402571976184845,0.06784496456384659,0.1973876953125,0.9003103971481323,0.06784496456384659,0.00015,0.18553204834461212,0.0689873918890953,0.19453124701976776,0.9178697466850281,0.0689873918890953
68,0.18466807901859283,0.0683249682188034,0.1956787109375,0.9052066802978516,0.0683249682188034,0.00015,0.18699464201927185,0.0700751394033432,0.21083983778953552,0.9324965476989746,0.0700751394033432
69,0.18399369716644287,0.06781868636608124,0.19736328721046448,0.900551974773407,0.06781868636608124,0.00015,0.18586847186088562,0.06922900676727295,0.1796875,0.919044017791748,0.06922900676727295
70,0.18319053947925568,0.0672285184264183,0.19721679389476776,0.891822338104248,0.0672285184264183,0.00015,0.18583446741104126,0.06922940909862518,0.21220703423023224,0.9252012968063354,0.06922940909862518
71,0.18241441249847412,0.06664954870939255,0.19748535752296448,0.8847529292106628,0.06664954870939255,0.00015,0.18893179297447205,0.07157497107982635,0.19228515028953552,0.9419835209846497,0.07157497107982635
72,0.18292593955993652,0.06702660024166107,0.19948729872703552,0.8885095715522766,0.06702660024166107,0.00015,0.1852012723684311,0.0687289610505104,0.18916015326976776,0.9167013168334961,0.0687289610505104
73,0.18252375721931458,0.06672878563404083,0.19125977158546448,0.8838780522346497,0.06672878563404083,0.00015,0.18795695900917053,0.07081557810306549,0.1875,0.9357677698135376,0.07081557810306549
74,0.18425321578979492,0.06801240146160126,0.19133301079273224,0.8957127332687378,0.06801240146160126,0.00015,0.18909834325313568,0.0716167464852333,0.18388672173023224,0.9325801730155945,0.0716167464852333
75,0.1852458268404007,0.0687544047832489,0.18881836533546448,0.9046053886413574,0.0687544047832489,0.00015,0.1890210658311844,0.07158860564231873,0.1826171875,0.9371541142463684,0.07158860564231873
76,0.18321186304092407,0.06722871214151382,0.18818359076976776,0.8886216282844543,0.06722871214151382,0.00015,0.1876218318939209,0.07055871188640594,0.20341797173023224,0.9387040138244629,0.07055871188640594
77,0.18184123933315277,0.0662316232919693,0.18754883110523224,0.8736082315444946,0.0662316232919693,0.00015,0.18493792414665222,0.06855688989162445,0.19355468451976776,0.9084855914115906,0.06855688989162445
78,0.1822022646665573,0.06648588180541992,0.186767578125,0.8756184577941895,0.06648588180541992,0.00015,0.18432947993278503,0.06808605790138245,0.20849609375,0.9043123126029968,0.06808605790138245
79,0.1816760152578354,0.06609727442264557,0.189208984375,0.8745958209037781,0.06609727442264557,0.00015,0.1859399527311325,0.06928571313619614,0.20185546576976776,0.9117153882980347,0.06928571313619614
80,0.18377621471881866,0.06765913218259811,0.18977050483226776,0.8911854028701782,0.06765913218259811,0.00015,0.18584303557872772,0.06923232227563858,0.2080078125,0.9240490198135376,0.06923232227563858
81,0.18224236369132996,0.06651528179645538,0.18964843451976776,0.877336859703064,0.06651528179645538,0.00015,0.18465717136859894,0.06836995482444763,0.2060546875,0.9120542407035828,0.06836995482444763
82,0.18162187933921814,0.06608711183071136,0.19606932997703552,0.8699576258659363,0.06608711183071136,0.00015,0.18580156564712524,0.06919075548648834,0.19111327826976776,0.9123837351799011,0.06919075548648834
83,0.18299545347690582,0.06708382070064545,0.19606932997703552,0.8856579065322876,0.06708382070064545,0.00015,0.18558505177497864,0.06905032694339752,0.19218750298023224,0.9257147908210754,0.06905032694339752
84,0.18527010083198547,0.06879455596208572,0.19355468451976776,0.9074832797050476,0.06879455596208572,0.00015,0.18876737356185913,0.0714501440525055,0.19755859673023224,0.9522744417190552,0.0714501440525055
85,0.18713060021400452,0.07020334899425507,0.18857422471046448,0.9218918085098267,0.07020334899425507,0.00015,0.19083383679389954,0.07304511219263077,0.21044921875,0.975318431854248,0.07304511219263077
86,0.18365439772605896,0.06756675988435745,0.1915283203125,0.889750599861145,0.06756675988435745,0.00015,0.18757912516593933,0.07052262127399445,0.18242187798023224,0.9259317517280579,0.07052262127399445
87,0.18403643369674683,0.06784798204898834,0.19284668564796448,0.895058810710907,0.06784798204898834,0.00015,0.1848708987236023,0.0685180276632309,0.18876953423023224,0.9093647003173828,0.0685180276632309
88,0.18248778581619263,0.06671185791492462,0.19138184189796448,0.8824057579040527,0.06671185791492462,0.00015,0.1849384605884552,0.06858228147029877,0.18623046576976776,0.9012376666069031,0.06858228147029877
89,0.18063604831695557,0.06535226851701736,0.17705078423023224,0.8588027954101562,0.06535226851701736,7.5e-05,0.18392257392406464,0.06781468540430069,0.19091796875,0.9016494750976562,0.06781468540430069
90,0.17925353348255157,0.06434636563062668,0.174072265625,0.8416722416877747,0.06434636563062668,7.5e-05,0.1825578808784485,0.0668095052242279,0.17343750596046448,0.8781259655952454,0.0668095052242279
91,0.1781202256679535,0.06353329867124557,0.16765137016773224,0.8274935483932495,0.06353329867124557,7.5e-05,0.18234696984291077,0.06663931906223297,0.17304687201976776,0.8703731298446655,0.06663931906223297
92,0.17762169241905212,0.06317732483148575,0.16843262314796448,0.825546145439148,0.06317732483148575,7.5e-05,0.18207424879074097,0.0664350837469101,0.16386719048023224,0.870596706867218,0.0664350837469101
93,0.17772629857063293,0.06325144320726395,0.16950683295726776,0.8227125406265259,0.06325144320726395,7.5e-05,0.1815495491027832,0.06606785953044891,0.17265625298023224,0.8631002306938171,0.06606785953044891
94,0.17781251668930054,0.06331227719783783,0.16667480766773224,0.8206405639648438,0.06331227719783783,7.5e-05,0.18289810419082642,0.06706170737743378,0.17568358778953552,0.8773573040962219,0.06706170737743378
95,0.17769429087638855,0.06322638690471649,0.16152343153953552,0.8221259117126465,0.06322638690471649,7.5e-05,0.18219296634197235,0.06656567752361298,0.17714843153953552,0.8691921234130859,0.06656567752361298
96,0.17836447060108185,0.06371157616376877,0.16879883408546448,0.8267295956611633,0.06371157616376877,7.5e-05,0.18238703906536102,0.06667936593294144,0.17246094346046448,0.8660632371902466,0.06667936593294144
97,0.1777373105287552,0.06325732171535492,0.1640625,0.8192124366760254,0.06325732171535492,7.5e-05,0.1820196807384491,0.06640740483999252,0.17226561903953552,0.8667327165603638,0.06640740483999252
98,0.17724552750587463,0.06290842592716217,0.1717529296875,0.8159353137016296,0.06290842592716217,7.5e-05,0.1820286512374878,0.06641336530447006,0.17333984375,0.8581949472427368,0.06641336530447006
99,0.17679110169410706,0.06259124726057053,0.170166015625,0.8124234080314636,0.06259124726057053,7.5e-05,0.18127885460853577,0.06585632264614105,0.17617186903953552,0.8578698039054871,0.06585632264614105
100,0.17654632031917572,0.06241606920957565,0.168212890625,0.8092573881149292,0.06241606920957565,7.5e-05,0.18203410506248474,0.06641967594623566,0.17792968451976776,0.8642798662185669,0.06641967594623566
101,0.1770005226135254,0.06273995339870453,0.16323241591453552,0.8146527409553528,0.06273995339870453,7.5e-05,0.18249598145484924,0.0667276531457901,0.16455078125,0.8685750961303711,0.0667276531457901
102,0.17763812839984894,0.0631837323307991,0.1639404296875,0.8173104524612427,0.0631837323307991,7.5e-05,0.18120881915092468,0.06582701951265335,0.17460937798023224,0.8556832075119019,0.06582701951265335
103,0.17657607793807983,0.06243271753191948,0.16599121689796448,0.8077681660652161,0.06243271753191948,7.5e-05,0.1821664720773697,0.06650834530591965,0.16728515923023224,0.8617318272590637,0.06650834530591965
104,0.17668679356575012,0.0625077337026596,0.16435547173023224,0.8076891899108887,0.0625077337026596,7.5e-05,0.18137016892433167,0.06593415886163712,0.15966796875,0.8518344163894653,0.06593415886163712
105,0.17669132351875305,0.06251786649227142,0.1671142578125,0.8072128295898438,0.06251786649227142,7.5e-05,0.18353596329689026,0.06748783588409424,0.16416016221046448,0.8809093236923218,0.06748783588409424
106,0.17794430255889893,0.06340716779232025,0.1683349609375,0.8204510807991028,0.06340716779232025,7.5e-05,0.1817115843296051,0.06618022173643112,0.16923828423023224,0.8600957989692688,0.06618022173643112
107,0.17712466418743134,0.06281948834657669,0.16728515923023224,0.811578631401062,0.06281948834657669,7.5e-05,0.18111488223075867,0.0657435804605484,0.16542968153953552,0.8557903170585632,0.0657435804605484
108,0.17617270350456238,0.06214916706085205,0.16025391221046448,0.8038464784622192,0.06214916706085205,7.5e-05,0.18189014494419098,0.06629518419504166,0.17548827826976776,0.8567909002304077,0.06629518419504166
109,0.1767726093530655,0.0625719428062439,0.16655273735523224,0.8048766255378723,0.0625719428062439,7.5e-05,0.180996373295784,0.06565059721469879,0.1630859375,0.8491834402084351,0.06565059721469879
110,0.17621780931949615,0.06217343732714653,0.1656494140625,0.8017013669013977,0.06217343732714653,7.5e-05,0.18084973096847534,0.06555019319057465,0.16923828423023224,0.8486081957817078,0.06555019319057465
111,0.17605383694171906,0.06206681579351425,0.16289062798023224,0.8014280200004578,0.06206681579351425,7.5e-05,0.18161138892173767,0.06609378755092621,0.15742187201976776,0.8523790240287781,0.06609378755092621
112,0.17684216797351837,0.06262525916099548,0.16037598252296448,0.8080222010612488,0.06262525916099548,7.5e-05,0.18098989129066467,0.06566397845745087,0.17050781846046448,0.8479310870170593,0.06566397845745087
113,0.17638781666755676,0.062295056879520416,0.15937499701976776,0.8022783398628235,0.062295056879520416,7.5e-05,0.18138757348060608,0.06593617051839828,0.1728515625,0.8590726852416992,0.06593617051839828
114,0.17562240362167358,0.061761487275362015,0.16252441704273224,0.7981661558151245,0.061761487275362015,7.5e-05,0.18055619299411774,0.06534455716609955,0.15791015326976776,0.8435506820678711,0.06534455716609955
115,0.17537793517112732,0.06158801168203354,0.15966796875,0.7931117415428162,0.06158801168203354,7.5e-05,0.18113437294960022,0.06575410068035126,0.16640624403953552,0.8513810038566589,0.06575410068035126
116,0.17632272839546204,0.06226136162877083,0.15803222358226776,0.8021861910820007,0.06226136162877083,7.5e-05,0.18105247616767883,0.06566794216632843,0.16796875,0.8503059148788452,0.06566794216632843
117,0.17612244188785553,0.06210716441273689,0.16523437201976776,0.8010892868041992,0.06210716441273689,7.5e-05,0.18209649622440338,0.06646309047937393,0.16669921576976776,0.8587709665298462,0.06646309047937393
118,0.17624548077583313,0.062198203057050705,0.16640624403953552,0.799214243888855,0.062198203057050705,7.5e-05,0.18221572041511536,0.0665476992726326,0.17929688096046448,0.8676573038101196,0.0665476992726326
119,0.17630736529827118,0.06224412843585014,0.164794921875,0.7997348308563232,0.06224412843585014,7.5e-05,0.18138530850410461,0.06591745465993881,0.16513672471046448,0.8448179364204407,0.06591745465993881
120,0.17621567845344543,0.06217479705810547,0.16386719048023224,0.8006592988967896,0.06217479705810547,7.5e-05,0.1816072016954422,0.06611543893814087,0.16464844346046448,0.8533416986465454,0.06611543893814087
121,0.176940456032753,0.06268689036369324,0.15410156548023224,0.8045120239257812,0.06268689036369324,7.5e-05,0.1816960573196411,0.06618097424507141,0.17333984375,0.8530704379081726,0.06618097424507141
122,0.17656539380550385,0.06242057681083679,0.16726073622703552,0.8024193048477173,0.06242057681083679,7.5e-05,0.1818714439868927,0.0662834644317627,0.16669921576976776,0.8488221168518066,0.0662834644317627
123,0.17746169865131378,0.06306230276823044,0.16096191108226776,0.8114030957221985,0.06306230276823044,7.5e-05,0.18159028887748718,0.0661158412694931,0.1630859375,0.8577720522880554,0.0661158412694931
124,0.17597997188568115,0.062012679874897,0.15859374403953552,0.7962841391563416,0.062012679874897,7.5e-05,0.180476114153862,0.06528274714946747,0.16162109375,0.8405067324638367,0.06528274714946747
125,0.1756182610988617,0.06175987794995308,0.15983887016773224,0.7955908179283142,0.06175987794995308,7.5e-05,0.18104572594165802,0.06570397317409515,0.17812499403953552,0.8503841161727905,0.06570397317409515
126,0.17635168135166168,0.06227054074406624,0.16232910752296448,0.8006947636604309,0.06227054074406624,7.5e-05,0.18232755362987518,0.0666082352399826,0.16269531846046448,0.8553577661514282,0.0666082352399826
127,0.1769103705883026,0.06266546994447708,0.16008301079273224,0.8066096305847168,0.06266546994447708,7.5e-05,0.18238206207752228,0.06668324768543243,0.169921875,0.8713676333427429,0.06668324768543243
128,0.17612209916114807,0.06211726740002632,0.1644287109375,0.7994445562362671,0.06211726740002632,7.5e-05,0.1809549182653427,0.06564183533191681,0.17402343451976776,0.8495982885360718,0.06564183533191681
129,0.1751783788204193,0.06145133823156357,0.1663818359375,0.790874183177948,0.06145133823156357,7.5e-05,0.18236234784126282,0.0666768029332161,0.16328124701976776,0.8643871545791626,0.0666768029332161
130,0.17572784423828125,0.06183288246393204,0.16347655653953552,0.795892596244812,0.06183288246393204,7.5e-05,0.18054720759391785,0.06533321738243103,0.17148438096046448,0.8399235010147095,0.06533321738243103
131,0.17576494812965393,0.061860501766204834,0.16145019233226776,0.7949617505073547,0.061860501766204834,7.5e-05,0.18028628826141357,0.06513009965419769,0.15976563096046448,0.8413069844245911,0.06513009965419769
132,0.17653141915798187,0.062412720173597336,0.16391602158546448,0.8032516241073608,0.062412720173597336,7.5e-05,0.18279914557933807,0.06699143350124359,0.17373046278953552,0.870871901512146,0.06699143350124359
133,0.1786535233259201,0.06390555948019028,0.16047362983226776,0.821784496307373,0.06390555948019028,7.5e-05,0.18306727707386017,0.06717091798782349,0.17900390923023224,0.8720723390579224,0.06717091798782349
134,0.17871329188346863,0.06396196782588959,0.16398926079273224,0.8200327754020691,0.06396196782588959,7.5e-05,0.18533742427825928,0.06884042173624039,0.14511719346046448,0.8750529289245605,0.06884042173624039
135,0.1765683889389038,0.062436483800411224,0.15830078721046448,0.8007957339286804,0.062436483800411224,7.5e-05,0.18107090890407562,0.06573805212974548,0.17011718451976776,0.8420336842536926,0.06573805212974548
136,0.1772460788488388,0.06292463839054108,0.15864257514476776,0.8074520826339722,0.06292463839054108,7.5e-05,0.1834104061126709,0.06740452349185944,0.16816405951976776,0.8760908246040344,0.06740452349185944
137,0.17728176712989807,0.06293720752000809,0.15817871689796448,0.8071504831314087,0.06293720752000809,7.5e-05,0.18214984238147736,0.06649275869131088,0.16748046875,0.8663955926895142,0.06649275869131088
138,0.17788755893707275,0.06337111443281174,0.15512695908546448,0.8116835355758667,0.06337111443281174,7.5e-05,0.18207032978534698,0.06643740832805634,0.15634766221046448,0.8531443476676941,0.06643740832805634
139,0.1764301061630249,0.06233074516057968,0.16240234673023224,0.8009629249572754,0.06233074516057968,7.5e-05,0.1813756227493286,0.06591956317424774,0.16513672471046448,0.8485245704650879,0.06591956317424774
140,0.17789053916931152,0.06337057799100876,0.161376953125,0.8141177296638489,0.06337057799100876,7.5e-05,0.1827109158039093,0.06694626808166504,0.18125000596046448,0.8697764277458191,0.06694626808166504
141,0.17681166529655457,0.06260060518980026,0.158935546875,0.8050218820571899,0.06260060518980026,7.5e-05,0.18162938952445984,0.06609850376844406,0.16396483778953552,0.8638614416122437,0.06609850376844406
142,0.17533941566944122,0.06155489757657051,0.15693359076976776,0.7886171936988831,0.06155489757657051,3.75e-05,0.1805696040391922,0.0653470978140831,0.16689452528953552,0.844185471534729,0.0653470978140831
143,0.1742384433746338,0.060781609266996384,0.14985351264476776,0.7751451730728149,0.060781609266996384,3.75e-05,0.17958220839500427,0.06462816894054413,0.16464844346046448,0.8251075744628906,0.06462816894054413
144,0.17277663946151733,0.059769194573163986,0.146728515625,0.7612608671188354,0.059769194573163986,3.75e-05,0.17916329205036163,0.06433100998401642,0.15195313096046448,0.8232331275939941,0.06433100998401642
145,0.17274770140647888,0.05974845960736275,0.15473632514476776,0.7631241083145142,0.05974845960736275,3.75e-05,0.17886891961097717,0.06411890685558319,0.15146484971046448,0.8185420036315918,0.06411890685558319
146,0.17294643819332123,0.05988951772451401,0.14360351860523224,0.7627692818641663,0.05988951772451401,3.75e-05,0.18023303151130676,0.06509684771299362,0.16455078125,0.8389147520065308,0.06509684771299362
147,0.17330199480056763,0.06013663858175278,0.1492919921875,0.7654100656509399,0.06013663858175278,3.75e-05,0.17976538836956024,0.06476589292287827,0.15703125298023224,0.8269602060317993,0.06476589292287827
148,0.17260512709617615,0.059648752212524414,0.14401856064796448,0.758100152015686,0.059648752212524414,3.75e-05,0.17889031767845154,0.0641399472951889,0.15419921278953552,0.8183153867721558,0.0641399472951889
149,0.17205435037612915,0.05926860496401787,0.14748534560203552,0.7527523040771484,0.05926860496401787,3.75e-05,0.17874698340892792,0.06402917206287384,0.15097656846046448,0.8211264610290527,0.06402917206287384
150,0.17170660197734833,0.05903306603431702,0.1436767578125,0.749934732913971,0.05903306603431702,3.75e-05,0.17896859347820282,0.06419161707162857,0.14980468153953552,0.8160678744316101,0.06419161707162857
151,0.17169176042079926,0.059021659195423126,0.14128418266773224,0.7497738599777222,0.059021659195423126,3.75e-05,0.1783345490694046,0.06373565644025803,0.14687499403953552,0.8131549954414368,0.06373565644025803
152,0.1717921942472458,0.059094227850437164,0.1470947265625,0.752672553062439,0.059094227850437164,3.75e-05,0.17863164842128754,0.06395328044891357,0.14658203721046448,0.8124755620956421,0.06395328044891357
153,0.17171329259872437,0.05903417989611626,0.14208984375,0.7491652369499207,0.05903417989611626,3.75e-05,0.1784825474023819,0.06384093314409256,0.14658203721046448,0.8125341534614563,0.06384093314409256
154,0.1715230643749237,0.05890437215566635,0.14277343451976776,0.7480416297912598,0.05890437215566635,3.75e-05,0.17823676764965057,0.06366701424121857,0.140625,0.8046817779541016,0.06366701424121857
155,0.1713724136352539,0.05880092829465866,0.14211425185203552,0.7465043067932129,0.05880092829465866,3.75e-05,0.17843255400657654,0.06380441039800644,0.1435546875,0.8071258664131165,0.06380441039800644
156,0.17159324884414673,0.05895116925239563,0.1444091796875,0.7465763688087463,0.05895116925239563,3.75e-05,0.17853353917598724,0.06387491524219513,0.14560547471046448,0.8144797086715698,0.06387491524219513
157,0.1716822385787964,0.05900967866182327,0.14111328125,0.7478811144828796,0.05900967866182327,3.75e-05,0.17830640077590942,0.06370505690574646,0.1494140625,0.8087267875671387,0.06370505690574646
158,0.171981543302536,0.05922098830342293,0.14687499403953552,0.7501546740531921,0.05922098830342293,3.75e-05,0.1785556823015213,0.06389904022216797,0.13417968153953552,0.802640438079834,0.06389904022216797
159,0.1718779057264328,0.059147514402866364,0.14926758408546448,0.7487607598304749,0.059147514402866364,3.75e-05,0.17798824608325958,0.0634874776005745,0.13974609971046448,0.8008718490600586,0.0634874776005745
160,0.17180785536766052,0.059100259095430374,0.14313964545726776,0.7494055032730103,0.059100259095430374,3.75e-05,0.17805220186710358,0.06353767216205597,0.1494140625,0.8042502403259277,0.06353767216205597
161,0.17214520275592804,0.05933070182800293,0.14145508408546448,0.750116229057312,0.05933070182800293,3.75e-05,0.17993643879890442,0.06488025188446045,0.14482422173023224,0.8220041990280151,0.06488025188446045
162,0.17263641953468323,0.059670645743608475,0.14033202826976776,0.7511717081069946,0.059670645743608475,3.75e-05,0.17907118797302246,0.06427928060293198,0.15371093153953552,0.82471764087677,0.06427928060293198
163,0.1722414344549179,0.059410445392131805,0.14082030951976776,0.74945068359375,0.059410445392131805,3.75e-05,0.17871952056884766,0.06399758905172348,0.14560547471046448,0.8122906684875488,0.06399758905172348
164,0.17149096727371216,0.058878280222415924,0.14326171576976776,0.7442932724952698,0.058878280222415924,3.75e-05,0.1785188913345337,0.06386196613311768,0.13798828423023224,0.8015506863594055,0.06386196613311768
165,0.17135180532932281,0.05878687649965286,0.14472655951976776,0.7436107993125916,0.05878687649965286,3.75e-05,0.17863675951957703,0.06394437700510025,0.15146484971046448,0.8073002099990845,0.06394437700510025
166,0.1722821295261383,0.05942448228597641,0.14584961533546448,0.7499585151672363,0.05942448228597641,3.75e-05,0.17943426966667175,0.06452038139104843,0.15898437798023224,0.8190330266952515,0.06452038139104843
167,0.17449302971363068,0.06096842885017395,0.14265136420726776,0.7666558027267456,0.06096842885017395,3.75e-05,0.17867234349250793,0.06397119909524918,0.13730469346046448,0.8142547607421875,0.06397119909524918
168,0.17288032174110413,0.05984416604042053,0.14165039360523224,0.7565940022468567,0.05984416604042053,3.75e-05,0.18039891123771667,0.06521822512149811,0.14892578125,0.824362576007843,0.06521822512149811
169,0.1723499596118927,0.059467364102602005,0.1439208984375,0.7497302293777466,0.059467364102602005,3.75e-05,0.17791001498699188,0.06343907862901688,0.14199218153953552,0.8032037019729614,0.06343907862901688
170,0.1708063781261444,0.058411549776792526,0.14504393935203552,0.7388591170310974,0.058411549776792526,3.75e-05,0.17801427841186523,0.06350336968898773,0.14628906548023224,0.8019818067550659,0.06350336968898773
171,0.1712609827518463,0.05872345715761185,0.14443358778953552,0.7443484663963318,0.05872345715761185,3.75e-05,0.178735613822937,0.06401848047971725,0.14140625298023224,0.8082380294799805,0.06401848047971725
172,0.17096282541751862,0.05851775407791138,0.1480712890625,0.7406926155090332,0.05851775407791138,3.75e-05,0.1780114769935608,0.06350452452898026,0.17490234971046448,0.8049173355102539,0.06350452452898026
173,0.17087219655513763,0.05845300480723381,0.14211425185203552,0.7378859519958496,0.05845300480723381,3.75e-05,0.1778702437877655,0.063405841588974,0.14980468153953552,0.8007980585098267,0.063405841588974
174,0.17050160467624664,0.058205001056194305,0.14204101264476776,0.7362541556358337,0.058205001056194305,3.75e-05,0.17817096412181854,0.06361231207847595,0.14560547471046448,0.8083161115646362,0.06361231207847595
175,0.17095430195331573,0.058507632464170456,0.14433594048023224,0.7412082552909851,0.058507632464170456,3.75e-05,0.17859455943107605,0.06391233205795288,0.15000000596046448,0.8071163296699524,0.06391233205795288
176,0.17082391679286957,0.05842040851712227,0.14548340439796448,0.7405393719673157,0.05842040851712227,3.75e-05,0.17858457565307617,0.06391318887472153,0.14628906548023224,0.8118727803230286,0.06391318887472153
177,0.17105792462825775,0.05858273059129715,0.1400146484375,0.7399133443832397,0.05858273059129715,3.75e-05,0.17836594581604004,0.06374713033437729,0.14990234375,0.8053340911865234,0.06374713033437729
178,0.1701277792453766,0.05794595927000046,0.14035645127296448,0.7308341264724731,0.05794595927000046,3.75e-05,0.17796656489372253,0.06348457932472229,0.13945312798023224,0.7964457273483276,0.06348457932472229
179,0.17038248479366302,0.05811659246683121,0.14409179985523224,0.7331706285476685,0.05811659246683121,3.75e-05,0.17867903411388397,0.06398014724254608,0.15341797471046448,0.8151026964187622,0.06398014724254608
180,0.17064449191093445,0.05830258131027222,0.1470947265625,0.7362170219421387,0.05830258131027222,3.75e-05,0.17788481712341309,0.06342855095863342,0.14189453423023224,0.7993224859237671,0.06342855095863342
181,0.17186227440834045,0.059138841927051544,0.14438477158546448,0.7423259019851685,0.059138841927051544,3.75e-05,0.1775161474943161,0.06316067278385162,0.14902344346046448,0.7957918047904968,0.06316067278385162
182,0.17103759944438934,0.05857130140066147,0.13874511420726776,0.7347639203071594,0.05857130140066147,3.75e-05,0.17811641097068787,0.06357733905315399,0.13847656548023224,0.8043538928031921,0.06357733905315399
183,0.1714295744895935,0.05883229896426201,0.13828125596046448,0.7406693696975708,0.05883229896426201,3.75e-05,0.17745229601860046,0.06309239566326141,0.14150390028953552,0.792988657951355,0.06309239566326141
184,0.17063137888908386,0.05828654766082764,0.14157715439796448,0.7355829477310181,0.05828654766082764,3.75e-05,0.17796145379543304,0.06346280127763748,0.14658203721046448,0.8004993200302124,0.06346280127763748
185,0.17066353559494019,0.058310188353061676,0.14228515326976776,0.734598696231842,0.058310188353061676,3.75e-05,0.1786205768585205,0.06394395977258682,0.14609375596046448,0.8064225912094116,0.06394395977258682
186,0.17056730389595032,0.05824314430356026,0.14287109673023224,0.7337504625320435,0.05824314430356026,3.75e-05,0.17789585888385773,0.06342709809541702,0.14228515326976776,0.799664318561554,0.06342709809541702
187,0.16977372765541077,0.05770473554730415,0.14670410752296448,0.7291132807731628,0.05770473554730415,3.75e-05,0.17735394835472107,0.06302634626626968,0.14833983778953552,0.8018925786018372,0.06302634626626968
188,0.1699497103691101,0.05782555788755417,0.1387939453125,0.7300978899002075,0.05782555788755417,3.75e-05,0.1772187501192093,0.06293495744466782,0.14960937201976776,0.7937283515930176,0.06293495744466782
189,0.16947299242019653,0.05750129371881485,0.14531250298023224,0.726037859916687,0.05750129371881485,3.75e-05,0.17716065049171448,0.06290221959352493,0.14794921875,0.7928156852722168,0.06290221959352493
190,0.16978123784065247,0.05771651118993759,0.14052733778953552,0.7285585403442383,0.05771651118993759,3.75e-05,0.17819222807884216,0.06362392008304596,0.15107421576976776,0.8058886528015137,0.06362392008304596
191,0.17056134343147278,0.05823839455842972,0.14548340439796448,0.7321955561637878,0.05823839455842972,3.75e-05,0.1781940907239914,0.06363439559936523,0.15000000596046448,0.7975943684577942,0.06363439559936523
192,0.17070619761943817,0.058340054005384445,0.1416015625,0.7351734638214111,0.058340054005384445,3.75e-05,0.1779736578464508,0.06348957866430283,0.14199218153953552,0.7981295585632324,0.06348957866430283
193,0.17037378251552582,0.058114975690841675,0.138916015625,0.7314088940620422,0.058114975690841675,3.75e-05,0.17788287997245789,0.06340387463569641,0.14628906548023224,0.7995897531509399,0.06340387463569641
194,0.17084896564483643,0.05843711644411087,0.14101561903953552,0.7341031432151794,0.05843711644411087,3.75e-05,0.1775352656841278,0.06315667927265167,0.15400390326976776,0.7948299646377563,0.06315667927265167
195,0.17100991308689117,0.05854688212275505,0.14350585639476776,0.7354310750961304,0.05854688212275505,3.75e-05,0.17854361236095428,0.06387646496295929,0.15107421576976776,0.8098034858703613,0.06387646496295929
196,0.1715603768825531,0.0589243583381176,0.14826659858226776,0.7399635910987854,0.0589243583381176,3.75e-05,0.17782701551914215,0.06336866319179535,0.13828125596046448,0.7961666584014893,0.06336866319179535
197,0.17069515585899353,0.05832672864198685,0.14372558891773224,0.734216570854187,0.05832672864198685,3.75e-05,0.1768566071987152,0.06266870349645615,0.14726562798023224,0.7928434610366821,0.06266870349645615
198,0.16962264478206635,0.05759969353675842,0.14169922471046448,0.7280210256576538,0.05759969353675842,3.75e-05,0.17854474484920502,0.06389134377241135,0.13662108778953552,0.7954128980636597,0.06389134377241135
199,0.17006532847881317,0.05790217965841293,0.14104004204273224,0.7270119190216064,0.05790217965841293,3.75e-05,0.17737850546836853,0.06305167078971863,0.14931640028953552,0.7934930324554443,0.06305167078971863
200,0.17014560103416443,0.05796359106898308,0.14155273139476776,0.7263308167457581,0.05796359106898308,3.75e-05,0.17906013131141663,0.06425228714942932,0.15205077826976776,0.8170703053474426,0.06425228714942932
201,0.1703573614358902,0.05810391902923584,0.14079590141773224,0.7286286354064941,0.05810391902923584,3.75e-05,0.17822234332561493,0.06367063522338867,0.13876953721046448,0.7929061055183411,0.06367063522338867
202,0.17004846036434174,0.05789077281951904,0.14096680283546448,0.7257171869277954,0.05789077281951904,3.75e-05,0.17882709205150604,0.06408002227544785,0.14111328125,0.7977296113967896,0.06408002227544785
203,0.16983814537525177,0.057750403881073,0.13955077528953552,0.7255126237869263,0.057750403881073,3.75e-05,0.17757803201675415,0.06320430338382721,0.14003905653953552,0.7916263341903687,0.06320430338382721
204,0.16860979795455933,0.056914765387773514,0.14306640625,0.7173043489456177,0.056914765387773514,3.75e-05,0.17660672962665558,0.06249859184026718,0.14248046278953552,0.7885161638259888,0.06249859184026718
205,0.16917958855628967,0.05730356648564339,0.14467772841453552,0.7211886644363403,0.05730356648564339,3.75e-05,0.17785188555717468,0.06339466571807861,0.14931640028953552,0.8011797070503235,0.06339466571807861
206,0.17150560021400452,0.058893997222185135,0.1451416015625,0.7364505529403687,0.058893997222185135,3.75e-05,0.17801499366760254,0.06350592523813248,0.14589843153953552,0.7986146211624146,0.06350592523813248
207,0.1706421971321106,0.05829979106783867,0.14174804091453552,0.7311553955078125,0.05829979106783867,3.75e-05,0.17836062610149384,0.06375707685947418,0.16416016221046448,0.8108674883842468,0.06375707685947418
208,0.16988682746887207,0.05778168514370918,0.14204101264476776,0.7260425686836243,0.05778168514370918,3.75e-05,0.17651918530464172,0.06244974210858345,0.14785155653953552,0.7897520065307617,0.06244974210858345
209,0.17223021388053894,0.05942978337407112,0.14082030951976776,0.7427067756652832,0.05942978337407112,3.75e-05,0.1784907877445221,0.06384820491075516,0.14765624701976776,0.8026889562606812,0.06384820491075516
210,0.16973352432250977,0.05767850950360298,0.13791504502296448,0.722335159778595,0.05767850950360298,3.75e-05,0.17729482054710388,0.06298264116048813,0.14619140326976776,0.7922261953353882,0.06298264116048813
211,0.16958610713481903,0.05757724121212959,0.14226074516773224,0.722392737865448,0.05757724121212959,3.75e-05,0.1773466318845749,0.06302888691425323,0.14130859076976776,0.7891986966133118,0.06302888691425323
212,0.1697322130203247,0.05767456442117691,0.14301757514476776,0.7226773500442505,0.05767456442117691,3.75e-05,0.17738690972328186,0.06305943429470062,0.13876953721046448,0.7918649911880493,0.06305943429470062
213,0.1694108545780182,0.057456471025943756,0.1400146484375,0.7236601710319519,0.057456471025943756,3.75e-05,0.1771741807460785,0.06289225816726685,0.15273436903953552,0.7916351556777954,0.06289225816726685
214,0.1703025996685028,0.05805949494242668,0.140869140625,0.730384886264801,0.05805949494242668,3.75e-05,0.17829683423042297,0.0637034922838211,0.13876953721046448,0.7990391850471497,0.0637034922838211
215,0.17023789882659912,0.058017753064632416,0.13930663466453552,0.7257214784622192,0.058017753064632416,3.75e-05,0.17662033438682556,0.06251919269561768,0.13935546576976776,0.7850931286811829,0.06251919269561768
216,0.16930516064167023,0.05738610029220581,0.14313964545726776,0.7186588048934937,0.05738610029220581,3.75e-05,0.17853280901908875,0.06387679278850555,0.15478515625,0.8094771504402161,0.06387679278850555
217,0.17049427330493927,0.058197833597660065,0.14279785752296448,0.7285202741622925,0.058197833597660065,3.75e-05,0.176781564950943,0.0626414567232132,0.154296875,0.7937794327735901,0.0626414567232132
218,0.17160746455192566,0.05896374583244324,0.13662108778953552,0.7345824241638184,0.05896374583244324,3.75e-05,0.17761465907096863,0.06322593986988068,0.14335937798023224,0.7968000173568726,0.06322593986988068
219,0.16835418343544006,0.056746065616607666,0.14033202826976776,0.7118650078773499,0.056746065616607666,1.875e-05,0.17720632255077362,0.06292722374200821,0.13847656548023224,0.7896203994750977,0.06292722374200821
220,0.16685444116592407,0.05573495104908943,0.13654784858226776,0.7003809809684753,0.05573495104908943,1.875e-05,0.1761275976896286,0.06216393783688545,0.13994140923023224,0.776594340801239,0.06216393783688545
221,0.16612210869789124,0.055247239768505096,0.137451171875,0.695421576499939,0.055247239768505096,1.875e-05,0.17572186887264252,0.061880629509687424,0.1396484375,0.7743202447891235,0.061880629509687424
222,0.16581586003303528,0.055042851716279984,0.13784179091453552,0.694060206413269,0.055042851716279984,1.875e-05,0.1753956824541092,0.06165827438235283,0.14013671875,0.7659224271774292,0.06165827438235283
223,0.16588088870048523,0.05508694052696228,0.13823242485523224,0.6936147212982178,0.05508694052696228,1.875e-05,0.17573627829551697,0.06188962981104851,0.13798828423023224,0.7738966345787048,0.06188962981104851
224,0.16575762629508972,0.05500420928001404,0.13811035454273224,0.6914899349212646,0.05500420928001404,1.875e-05,0.17547480762004852,0.061711229383945465,0.13662108778953552,0.7699829936027527,0.061711229383945465
225,0.1657385379076004,0.05499183386564255,0.1358642578125,0.6912335753440857,0.05499183386564255,1.875e-05,0.17567571997642517,0.06185121089220047,0.13720703125,0.7710715532302856,0.06185121089220047
226,0.16541579365730286,0.05477854609489441,0.13449707627296448,0.6905131340026855,0.05477854609489441,1.875e-05,0.1754155308008194,0.06166354566812515,0.13994140923023224,0.7714735269546509,0.06166354566812515
227,0.1659765988588333,0.05514850467443466,0.1402587890625,0.6945076584815979,0.05514850467443466,1.875e-05,0.17559954524040222,0.061791934072971344,0.14501953125,0.7680552005767822,0.061791934072971344
228,0.16586586833000183,0.05507781356573105,0.13554687798023224,0.6913851499557495,0.05507781356573105,1.875e-05,0.17577508091926575,0.06191520020365715,0.14003905653953552,0.7732609510421753,0.06191520020365715
229,0.16549672186374664,0.05483054369688034,0.13449707627296448,0.6899236440658569,0.05483054369688034,1.875e-05,0.17637629806995392,0.062342606484889984,0.14208984375,0.7766238451004028,0.062342606484889984
230,0.16598305106163025,0.05515081807971001,0.13471679389476776,0.6917792558670044,0.05515081807971001,1.875e-05,0.17556993663311005,0.06177855655550957,0.14082030951976776,0.7702834010124207,0.06177855655550957
231,0.16654375195503235,0.055524300783872604,0.1358642578125,0.6954519152641296,0.055524300783872604,1.875e-05,0.17549815773963928,0.06172725558280945,0.14404296875,0.7693272233009338,0.06172725558280945
232,0.1658058613538742,0.05503494665026665,0.13535156846046448,0.6919387578964233,0.05503494665026665,1.875e-05,0.17581036686897278,0.06194334104657173,0.14082030951976776,0.7736514806747437,0.06194334104657173
233,0.16505195200443268,0.054534751921892166,0.13261719048023224,0.6870976090431213,0.054534751921892166,9.375e-06,0.17524714767932892,0.061545033007860184,0.14326171576976776,0.7646554708480835,0.061545033007860184
234,0.1645699441432953,0.054218120872974396,0.12897948920726776,0.6836763024330139,0.054218120872974396,9.375e-06,0.17535975575447083,0.06162254884839058,0.14013671875,0.7681055665016174,0.06162254884839058
235,0.16435980796813965,0.05408058315515518,0.13078613579273224,0.6818612217903137,0.05408058315515518,9.375e-06,0.17542049288749695,0.061664290726184845,0.12705078721046448,0.7674506306648254,0.061664290726184845
236,0.16432704031467438,0.05405848100781441,0.13261719048023224,0.6826497316360474,0.05405848100781441,9.375e-06,0.1754712611436844,0.06170020252466202,0.13691405951976776,0.7679112553596497,0.06170020252466202
237,0.16434246301651,0.054069243371486664,0.1329345703125,0.6813463568687439,0.054069243371486664,9.375e-06,0.1750849187374115,0.061438072472810745,0.1455078125,0.7615957856178284,0.061438072472810745
238,0.16427990794181824,0.05402778461575508,0.13041992485523224,0.6812028288841248,0.05402778461575508,9.375e-06,0.17541082203388214,0.06165803596377373,0.14121094346046448,0.7684920430183411,0.06165803596377373
239,0.1641889065504074,0.05396757647395134,0.1292724609375,0.6810307502746582,0.05396757647395134,9.375e-06,0.1753346174955368,0.061608802527189255,0.14374999701976776,0.7680915594100952,0.061608802527189255
240,0.16425111889839172,0.05400870367884636,0.12814942002296448,0.6813963651657104,0.05400870367884636,9.375e-06,0.17518985271453857,0.06150512769818306,0.13408203423023224,0.7653499841690063,0.06150512769818306
241,0.16440695524215698,0.0541110634803772,0.13361816108226776,0.6828513741493225,0.0541110634803772,9.375e-06,0.17528805136680603,0.06157504767179489,0.13193359971046448,0.7665385603904724,0.06157504767179489
242,0.1641894280910492,0.053968142718076706,0.134765625,0.6814197301864624,0.053968142718076706,9.375e-06,0.17504440248012543,0.06140570715069771,0.13730469346046448,0.7625654935836792,0.06140570715069771
243,0.1641608625650406,0.05394935607910156,0.13308104872703552,0.6809579133987427,0.05394935607910156,9.375e-06,0.1752299815416336,0.061534203588962555,0.13681641221046448,0.7640821933746338,0.061534203588962555
244,0.16442401707172394,0.05412472039461136,0.13215331733226776,0.6820653676986694,0.05412472039461136,9.375e-06,0.17555251717567444,0.061754751950502396,0.13593749701976776,0.7685487270355225,0.061754751950502396
245,0.16434098780155182,0.054067544639110565,0.13449707627296448,0.680837869644165,0.054067544639110565,9.375e-06,0.17525944113731384,0.061552733182907104,0.13720703125,0.7647239565849304,0.061552733182907104
246,0.16396357119083405,0.053820859640836716,0.13203124701976776,0.6793752908706665,0.053820859640836716,9.375e-06,0.1751701980829239,0.061485469341278076,0.14033202826976776,0.7661185264587402,0.061485469341278076
247,0.16385631263256073,0.05374843627214432,0.13325195014476776,0.6794441342353821,0.05374843627214432,9.375e-06,0.17534774541854858,0.061611175537109375,0.14003905653953552,0.7647985816001892,0.061611175537109375
248,0.16387994587421417,0.05376525968313217,0.13642577826976776,0.6789999008178711,0.05376525968313217,9.375e-06,0.17518216371536255,0.061496783047914505,0.12626953423023224,0.7651485204696655,0.061496783047914505
249,0.16369609534740448,0.053644657135009766,0.1282958984375,0.6780747771263123,0.053644657135009766,9.375e-06,0.17522400617599487,0.061529744416475296,0.14101561903953552,0.7660394310951233,0.061529744416475296
250,0.16377432644367218,0.05369693040847778,0.13518066704273224,0.6790122985839844,0.05369693040847778,9.375e-06,0.17508307099342346,0.06142649054527283,0.13583984971046448,0.762012779712677,0.06142649054527283
251,0.1636454313993454,0.05361192300915718,0.12907715141773224,0.6787574887275696,0.05361192300915718,9.375e-06,0.17507371306419373,0.06142394617199898,0.13505859673023224,0.764046311378479,0.06142394617199898
252,0.16372400522232056,0.05366281419992447,0.13833007216453552,0.6785057783126831,0.05366281419992447,9.375e-06,0.17521944642066956,0.06152774766087532,0.14521484076976776,0.7652504444122314,0.06152774766087532
253,0.16344353556632996,0.05347941443324089,0.13093261420726776,0.6762211322784424,0.05347941443324089,4.6875e-06,0.1750042885541916,0.06137401610612869,0.14394530653953552,0.7628597021102905,0.06137401610612869
254,0.16330082714557648,0.05338621139526367,0.13137206435203552,0.6755235195159912,0.05338621139526367,4.6875e-06,0.17503061890602112,0.06139543652534485,0.14570312201976776,0.761750340461731,0.06139543652534485
255,0.1632411628961563,0.0533469021320343,0.1302490234375,0.675879955291748,0.0533469021320343,4.6875e-06,0.17502233386039734,0.06138896197080612,0.13671875,0.7620126008987427,0.06138896197080612
256,0.16320396959781647,0.05332253500819206,0.12912598252296448,0.6753382682800293,0.05332253500819206,4.6875e-06,0.17501042783260345,0.061380863189697266,0.14179687201976776,0.7633246183395386,0.061380863189697266
257,0.16326136887073517,0.05336051434278488,0.12980957329273224,0.6756137609481812,0.05336051434278488,4.6875e-06,0.17494690418243408,0.06133502721786499,0.123046875,0.7615911960601807,0.06133502721786499
258,0.16315647959709167,0.05329132825136185,0.13278809189796448,0.6748107075691223,0.05329132825136185,4.6875e-06,0.17489339411258698,0.061297573149204254,0.13525390625,0.76155024766922,0.061297573149204254
259,0.1632358729839325,0.05334443598985672,0.1341552734375,0.6753004193305969,0.05334443598985672,4.6875e-06,0.17528094351291656,0.061573129147291183,0.13095703721046448,0.7656720280647278,0.061573129147291183
260,0.16313916444778442,0.05327979847788811,0.12861327826976776,0.6752208471298218,0.05327979847788811,4.6875e-06,0.17506106197834015,0.061414945870637894,0.12841796875,0.7634282112121582,0.061414945870637894
261,0.1630590260028839,0.053227800875902176,0.13666991889476776,0.6740967035293579,0.053227800875902176,4.6875e-06,0.17503222823143005,0.061395347118377686,0.13789062201976776,0.762389600276947,0.061395347118377686
262,0.16304156184196472,0.053216852247714996,0.13322754204273224,0.67391437292099,0.053216852247714996,4.6875e-06,0.1750137060880661,0.06137999892234802,0.13613280653953552,0.7619117498397827,0.06137999892234802
263,0.16310285031795502,0.053255777806043625,0.13022461533546448,0.6755523085594177,0.053255777806043625,4.6875e-06,0.17505383491516113,0.0614105649292469,0.13613280653953552,0.762373149394989,0.0614105649292469
264,0.16304191946983337,0.053217023611068726,0.1307373046875,0.6744937896728516,0.053217023611068726,4.6875e-06,0.17492373287677765,0.06131966784596443,0.13154296576976776,0.7620821595191956,0.06131966784596443
265,0.16302378475666046,0.05320483446121216,0.13657227158546448,0.6747727990150452,0.05320483446121216,4.6875e-06,0.17498144507408142,0.0613570511341095,0.138671875,0.7614428400993347,0.0613570511341095
266,0.16295567154884338,0.05316128209233284,0.13312987983226776,0.6731858253479004,0.05316128209233284,4.6875e-06,0.17495766282081604,0.0613451786339283,0.14013671875,0.7620929479598999,0.0613451786339283
267,0.1629738062620163,0.053172044456005096,0.13068847358226776,0.6739722490310669,0.053172044456005096,4.6875e-06,0.1749192774295807,0.061315394937992096,0.12968750298023224,0.7614035606384277,0.061315394937992096
268,0.16308166086673737,0.05324193090200424,0.13300780951976776,0.6738449931144714,0.05324193090200424,4.6875e-06,0.17491278052330017,0.061309926211833954,0.13652344048023224,0.7611870765686035,0.061309926211833954
269,0.1628686785697937,0.053103528916835785,0.13425293564796448,0.6734219193458557,0.053103528916835785,2.34375e-06,0.17504647374153137,0.06140271574258804,0.13437500596046448,0.7627372741699219,0.06140271574258804
270,0.16280652582645416,0.053064167499542236,0.13115234673023224,0.6729940176010132,0.053064167499542236,2.34375e-06,0.17490887641906738,0.061307184398174286,0.13437500596046448,0.762180745601654,0.061307184398174286
271,0.16280415654182434,0.05306225270032883,0.12900391221046448,0.6730021238327026,0.05306225270032883,2.34375e-06,0.1750420182943344,0.061402328312397,0.14082030951976776,0.7635573148727417,0.061402328312397
272,0.1628037989139557,0.05306127667427063,0.12778320908546448,0.6728283166885376,0.05306127667427063,2.34375e-06,0.17492368817329407,0.06131774187088013,0.13466796278953552,0.761017382144928,0.06131774187088013
273,0.16278210282325745,0.053048111498355865,0.13046875596046448,0.6731961369514465,0.053048111498355865,2.34375e-06,0.1750251054763794,0.06138612702488899,0.1396484375,0.7633841633796692,0.06138612702488899
274,0.1627872884273529,0.05305128172039986,0.1322021484375,0.6727684736251831,0.05305128172039986,2.34375e-06,0.17490369081497192,0.06130585819482803,0.14238281548023224,0.7606652975082397,0.06130585819482803
275,0.16274556517601013,0.053023356944322586,0.1302490234375,0.6726839542388916,0.053023356944322586,2.34375e-06,0.17493703961372375,0.06132926791906357,0.14052733778953552,0.7613885998725891,0.06132926791906357
276,0.16272851824760437,0.05301196500658989,0.12753906846046448,0.6727749109268188,0.05301196500658989,2.34375e-06,0.17481717467308044,0.061245761811733246,0.13242188096046448,0.7597461938858032,0.061245761811733246
277,0.16272905468940735,0.05301304906606674,0.13215331733226776,0.6722650527954102,0.05301304906606674,2.34375e-06,0.17485877871513367,0.06127312034368515,0.13437500596046448,0.7595968842506409,0.06127312034368515
278,0.16272194683551788,0.053009092807769775,0.13093261420726776,0.6723033785820007,0.053009092807769775,2.34375e-06,0.17486558854579926,0.06127636507153511,0.14687499403953552,0.7615744471549988,0.06127636507153511
279,0.16267500817775726,0.052977822721004486,0.129150390625,0.6720515489578247,0.052977822721004486,2.34375e-06,0.17496028542518616,0.0613437220454216,0.1376953125,0.7616773843765259,0.0613437220454216
280,0.162694051861763,0.05299036577343941,0.12968750298023224,0.6729000806808472,0.05299036577343941,2.34375e-06,0.17495295405387878,0.06133642792701721,0.13798828423023224,0.7622572183609009,0.06133642792701721
281,0.16271327435970306,0.05300232768058777,0.12746581435203552,0.6723998785018921,0.05300232768058777,2.34375e-06,0.1748998761177063,0.061302315443754196,0.14189453423023224,0.7612597346305847,0.061302315443754196
282,0.16272887587547302,0.05301321670413017,0.13222655653953552,0.6719324588775635,0.05301321670413017,2.34375e-06,0.1749662458896637,0.06134827062487602,0.13330078125,0.7620402574539185,0.06134827062487602
283,0.1626727432012558,0.05297568440437317,0.12678222358226776,0.6721290349960327,0.05297568440437317,2.34375e-06,0.17510971426963806,0.06144673377275467,0.14082030951976776,0.7642472982406616,0.06144673377275467
284,0.1627005636692047,0.052992887794971466,0.13134765625,0.6717751026153564,0.052992887794971466,2.34375e-06,0.17477424442768097,0.06121154502034187,0.13154296576976776,0.7593292593955994,0.06121154502034187
285,0.16277532279491425,0.05304296687245369,0.13029785454273224,0.6730727553367615,0.05304296687245369,2.34375e-06,0.17495423555374146,0.061340976506471634,0.14013671875,0.761823296546936,0.061340976506471634
286,0.1626601219177246,0.05296787619590759,0.12790527939796448,0.6717919111251831,0.05296787619590759,2.34375e-06,0.1749502569437027,0.06133664399385452,0.13916015625,0.761925220489502,0.06133664399385452
287,0.16255055367946625,0.052896369248628616,0.13178710639476776,0.6713445782661438,0.052896369248628616,2.34375e-06,0.17496061325073242,0.06134407967329025,0.1328125,0.7620918154716492,0.06134407967329025
288,0.16270117461681366,0.0529949888586998,0.13139648735523224,0.6720156073570251,0.0529949888586998,2.34375e-06,0.17494304478168488,0.06133255362510681,0.13974609971046448,0.7619785070419312,0.06133255362510681
289,0.1626296043395996,0.05294780805706978,0.12990722060203552,0.6721361875534058,0.05294780805706978,2.34375e-06,0.17494550347328186,0.06133224815130234,0.14072266221046448,0.762027382850647,0.06133224815130234
290,0.16263562440872192,0.05295254662632942,0.13432617485523224,0.6715197563171387,0.05295254662632942,2.34375e-06,0.17483225464820862,0.0612529031932354,0.14218750596046448,0.7606760859489441,0.0612529031932354
291,0.1626175343990326,0.05293979123234749,0.13215331733226776,0.6716136336326599,0.05293979123234749,2.34375e-06,0.1748693734407425,0.06128351017832756,0.14453125,0.7608366012573242,0.06128351017832756
292,0.16271188855171204,0.053002018481492996,0.13059082627296448,0.6720296144485474,0.053002018481492996,2.34375e-06,0.17504632472991943,0.06140300631523132,0.13564452528953552,0.7631624937057495,0.06140300631523132
293,0.16266511380672455,0.05297144502401352,0.1304931640625,0.6719219088554382,0.05297144502401352,2.34375e-06,0.17483985424041748,0.06126123666763306,0.13671875,0.759623110294342,0.06126123666763306
294,0.16260378062725067,0.05293048545718193,0.1322021484375,0.6716503500938416,0.05293048545718193,2.34375e-06,0.17488229274749756,0.061287760734558105,0.13642577826976776,0.7607214450836182,0.061287760734558105
295,0.16252782940864563,0.052882157266139984,0.13015136122703552,0.6712628602981567,0.052882157266139984,1.171875e-06,0.1748502403497696,0.061267007142305374,0.12949219346046448,0.7607356309890747,0.061267007142305374
296,0.16253916919231415,0.05288900062441826,0.13242188096046448,0.6716734170913696,0.05288900062441826,1.171875e-06,0.1749153435230255,0.061312951147556305,0.13496093451976776,0.7614755630493164,0.061312951147556305
297,0.16247722506523132,0.052849043160676956,0.12912598252296448,0.6706565022468567,0.052849043160676956,1.171875e-06,0.17487569153308868,0.06128600239753723,0.13750000298023224,0.7609217762947083,0.06128600239753723
298,0.16246041655540466,0.05283789709210396,0.13254395127296448,0.6709023714065552,0.05283789709210396,1.171875e-06,0.1748563051223755,0.06127098947763443,0.13593749701976776,0.7612541913986206,0.06127098947763443
299,0.1624957174062729,0.05286060646176338,0.13076171278953552,0.6707662343978882,0.05286060646176338,1.171875e-06,0.17491376399993896,0.061310023069381714,0.14208984375,0.7606074213981628,0.061310023069381714
300,0.16241911053657532,0.05281131714582443,0.1302490234375,0.6702890396118164,0.05281131714582443,1.171875e-06,0.17492088675498962,0.061316270381212234,0.15087890625,0.7613719701766968,0.061316270381212234
301,0.1624099761247635,0.05280502513051033,0.1343994140625,0.6701837182044983,0.05280502513051033,1.171875e-06,0.17495198547840118,0.06133608892560005,0.13466796278953552,0.7616254687309265,0.06133608892560005
302,0.16246981918811798,0.05284413695335388,0.13134765625,0.670850396156311,0.05284413695335388,1.171875e-06,0.1749776303768158,0.06135375052690506,0.13535156846046448,0.7623468637466431,0.06135375052690506
303,0.1624157428741455,0.05280910059809685,0.130859375,0.6707195043563843,0.05280910059809685,1.171875e-06,0.17488054931163788,0.06128830462694168,0.13857421278953552,0.760908305644989,0.06128830462694168
304,0.16241709887981415,0.0528094582259655,0.13312987983226776,0.6709252595901489,0.0528094582259655,1.171875e-06,0.17482468485832214,0.06125030666589737,0.13271483778953552,0.7590072751045227,0.06125030666589737
