run,arch,stage,block,n_queries,n_keys,head_dim,eff_keys,std_eff_keys,energy_std,std_energy_std,peak_x_unif,std_peak_x_unif,key0_x_unif,std_key0_x_unif,key_row_spread,std_key_row_spread,key_row_range,std_key_row_range,ctrl_eff_frac,std_ctrl_eff_frac,eff_frac,std_eff_frac,keys_identical,collapsed,n_skulls,skull_ids,row_mass,std_row_mass,frac_starved,std_frac_starved
cd_rep05_full,paper,encoder,E-SA1,2048,2048,256,2048.0001627604165,0.0001150889943337,0.0002265494743672,3.272876933228227e-05,1.0005181233088176,7.785247899217157e-05,0.999999980131785,2.8097899007262688e-08,0.002125670046856,0.000156778696754,0.0336358658969402,0.0015809873777532,1.0000001192092896,0.0,1.0000000794728596,5.6195798014525375e-08,False,True,3,083 053 070,1.0,0.0,0.0,0.0
cd_rep05_full,paper,encoder,E-SA2,2048,2048,256,2048.0,0.0,0.0002664351583613,3.8916379942427e-05,1.0005215803782146,6.931657721071451e-05,1.00000003973643,5.6195798014525375e-08,0.0022226496754835,0.0001724655370475,0.0349759372572104,0.0015668655378931,1.0000001192092896,0.0,1.0,0.0,False,True,3,083 053 070,1.0,0.0,0.0,0.0
cd_rep05_full,paper,encoder,E-SA3,2048,2048,256,2048.0001627604165,0.0001150889943337,0.0002582599991001,4.341735143404064e-05,1.000556468963623,8.376401711752473e-05,1.0,0.0,0.0023250195663422,0.0001870006433167,0.0367519321540991,0.0009725946737192,1.0000001192092896,0.0,1.0000000794728596,5.6195798014525375e-08,False,True,3,083 053 070,1.0,0.0,0.0,0.0
cd_rep05_full,paper,encoder,E-SA4,2048,2048,256,2048.0000813802085,0.0001150889943337,0.0002782856075403,4.076733488205133e-05,1.000619928042094,9.570466128133843e-05,1.0,0.0,0.0024694502353668,0.0002056951362773,0.037664466847976,0.0003219729259985,1.0000001192092896,0.0,1.00000003973643,5.6195798014525375e-08,False,True,3,083 053 070,1.0,0.0,0.0,0.0
cd_rep05_full,paper,encoder,E-SA5,2048,2048,512,2048.0001627604165,0.0001150889943337,7.774252056454618e-05,1.3023321738312274e-05,1.0001954634984334,3.4800175240898275e-05,0.999999980131785,2.8097899007262688e-08,0.0011752178349221,9.227838297600184e-05,0.0254858148594697,0.0024655907063502,1.00000003973643,5.6195798014525375e-08,1.0000000794728596,5.6195798014525375e-08,False,True,3,083 053 070,1.0,0.0,0.0,0.0
cd_rep05_full,paper,encoder,E-SA6,2048,2048,512,2048.000244140625,0.0,8.356402880356957e-05,1.5448868815270045e-05,1.0002442995707197,4.6136852841792846e-05,1.0,0.0,0.0012847472292681,0.0001031628860035,0.0263718130687872,0.0031434935382818,1.00000003973643,5.6195798014525375e-08,1.0000001192092896,0.0,False,True,3,083 053 070,1.0,0.0,0.0,0.0
cd_rep05_full,paper,encoder,E-SA7,2048,2048,512,2048.000244140625,0.0,0.0001080486326827,1.564866074045995e-05,1.0002735058466594,4.623234142861269e-05,1.0,0.0,0.0014423793957879,0.000120927152532,0.0276487891872723,0.0036274332801403,1.0000000794728596,5.6195798014525375e-08,1.0000001192092896,0.0,False,True,3,083 053 070,1.0,0.0,0.0,0.0
cd_rep05_full,paper,encoder,E-SA8,2048,2048,512,2048.000244140625,0.0,0.0001496150362072,2.2701585740623453e-05,1.0003597338994343,5.762272846783469e-05,0.999999980131785,2.8097899007262688e-08,0.0016155860309178,0.0001409915555411,0.0283228146533171,0.0034192068302792,1.0000001192092896,0.0,1.0000001192092896,0.0,False,True,3,083 053 070,1.0,0.0,0.0,0.0
cd_rep05_full,paper,D1,D1-STA1,1024,1024,1024,1024.00048828125,0.0,3.8967347866976816e-10,5.302209497684051e-11,1.0,0.0,1.0,0.0,2.0928349423835852e-09,3.248066489151283e-10,0.0,0.0,1.0000005960464478,0.0,1.0000004768371582,0.0,True,True,3,083 053 070,1.0,0.0,0.0,0.0
cd_rep05_full,paper,D1,D1-STA2,1024,1024,1024,1024.00048828125,0.0,3.8810791617531016e-10,5.0390557109411714e-11,1.0,0.0,1.0,0.0,2.0928349423835852e-09,3.248066489151283e-10,0.0,0.0,1.0000005960464478,0.0,1.0000004768371582,0.0,True,True,3,083 053 070,1.0,0.0,0.0,0.0
cd_rep05_full,paper,D1,D1-STA3,1024,1024,1024,1024.00048828125,0.0,4.5940377428147856e-10,5.828204497289651e-11,1.0,0.0,1.0,0.0,2.0928349423835852e-09,3.248066489151283e-10,0.0,0.0,1.0000005960464478,0.0,1.0000004768371582,0.0,True,True,3,083 053 070,1.0,0.0,0.0,0.0
cd_rep05_full,paper,D1,D1-STA4,1024,1024,1024,1024.00048828125,0.0,5.102454755008995e-10,8.860689134516249e-11,1.0,0.0,1.0,0.0,2.0928349423835852e-09,3.248066489151283e-10,0.0,0.0,1.0000005960464478,0.0,1.0000004768371582,0.0,True,True,3,083 053 070,1.0,0.0,0.0,0.0
cd_rep05_full,paper,D2,D2-STA1,3072,3072,426,2832.222981770833,8.21879526938899,0.3910739918549855,0.0079829981491301,1.6828181346257527,0.0128629042254271,1.0227528015772502,0.0012662571159711,0.0784747377038002,0.0011297500608096,0.7031053304672241,0.0083328412307226,0.9997817476590476,8.936766361014698e-06,0.9219475852118598,0.0026753890850875,False,False,3,083 053 070,1.0,0.0,0.0,0.0
cd_rep05_full,paper,D2,D2-STA2,3072,3072,426,2238.0369466145835,40.22070823686732,0.9509469072024028,0.0349132095432875,2.845028241475424,0.0632956423655446,1.5771249930063884,0.0356409697599764,0.0784747377038002,0.0011297500608096,0.7031053304672241,0.0083328412307226,0.9985103209813436,0.0001202163412692,0.728527651892768,0.0130926784625219,False,False,3,083 053 070,1.0,0.0,0.0,0.0
cd_rep05_full,paper,D2,D2-STA3,3072,3072,426,1649.5233561197915,36.30573278264546,1.0686172644297285,0.0538509747598962,79.09873962402344,7.650585068906189,0.758206844329834,0.0218110852784316,0.0784747377038002,0.0011297500608096,0.7031053304672241,0.0083328412307226,0.9983202616373698,0.0001721242434191,0.5369542174869114,0.011818272390184,False,False,3,083 053 070,1.0,0.0,0.0,0.0
cd_rep05_full,paper,D2,D2-STA4,3072,3072,426,1578.829345703125,95.26066967025218,1.9813581705093384,0.2019203849077433,59.7525380452474,7.778939407646851,1.508695125579834,0.0245115648360622,0.0784747377038002,0.0011297500608096,0.7031053304672241,0.0083328412307226,0.993915299574534,0.0010932406058408,0.5139418443044027,0.0310093325749518,False,False,3,083 053 070,1.0,0.0,0.0,0.0
tie_qk,paper+tie_qk,encoder,E-SA1,2048,2048,256,2047.9984130859373,0.0005179004745018,0.0013651691454773,0.0002066805066284,1.0047256151835124,0.00065971868633,1.00000003973643,4.599824310457797e-07,0.0028448582161217,0.0002112269006124,0.039587166160345,0.0037975330577511,1.0000000794728596,5.6195798014525375e-08,0.999999225139618,2.5288109106536417e-07,False,True,3,083 053 070,1.0,0.0,0.0,0.0
tie_qk,paper+tie_qk,encoder,E-SA2,2048,2048,256,2047.9984130859373,0.0005179004745018,0.0013552426438157,0.0002049530187245,1.0049151579538982,0.0007115867963722,1.0000001192092896,5.41932650287384e-07,0.0029968719463795,0.0002330978137806,0.0430059035619099,0.0051196346148186,1.00000003973643,5.6195798014525375e-08,0.999999225139618,2.5288109106536417e-07,False,True,3,083 053 070,1.0,0.0,0.0,0.0
tie_qk,paper+tie_qk,encoder,E-SA3,2048,2048,256,2047.9984944661453,0.0004710220093908,0.00143198397321,0.0002391178134394,1.0049711465835571,0.0007620062435411,0.999999980131785,6.200665845206274e-07,0.0031576433684676,0.0002538988953318,0.0451478784283002,0.0032410745916659,1.0000000794728596,5.6195798014525375e-08,0.9999992648760476,2.2999121552288985e-07,False,True,3,083 053 070,1.0,0.0,0.0,0.0
tie_qk,paper+tie_qk,encoder,E-SA4,2048,2048,256,2047.997965494792,0.0007071186196688,0.0016801473684608,0.0002961057372881,1.0057855049769084,0.0009198084255862,0.9999999602635702,8.278157971699897e-07,0.0034017980409165,0.0002820021223752,0.0451478784283002,0.0032410745916659,1.0000001192092896,0.0,0.9999990065892538,3.452727635102027e-07,False,True,3,083 053 070,1.0,0.0,0.0,0.0
tie_qk,paper+tie_qk,encoder,E-SA5,2048,2048,512,2047.999918619792,5.7544497166873984e-05,0.0007082226220518,0.0001226116665722,1.002625862757365,0.0004091782221678,1.00000003973643,1.4868010627325145e-07,0.0015664549234012,0.0001196755219981,0.0350303997596104,0.0009857535925573,1.0000001192092896,0.0,0.9999999602635702,2.8097899007262688e-08,False,True,3,083 053 070,1.0,0.0,0.0,0.0
tie_qk,paper+tie_qk,encoder,E-SA6,2048,2048,512,2047.9996744791667,0.0002074796351559,0.0007161809480749,0.0001212565315824,1.0033164024353027,0.000518809602137,1.0000000596046448,8.429369702178808e-08,0.0017832729111736,0.0001402929792218,0.0358178863922754,0.0015923412363998,1.0,0.0,0.9999998410542806,1.0130841560349434e-07,False,True,3,083 053 070,1.0,0.0,0.0,0.0
tie_qk,paper+tie_qk,encoder,E-SA7,2048,2048,512,2047.999267578125,0.0003593652696259,0.0010109560680575,0.0001669516824034,1.004236380259196,0.0006849834401998,0.9999999205271404,2.2999121552288985e-07,0.0020726432170098,0.0001704002898461,0.0356821306049823,0.0014096569041745,1.0000000794728596,5.6195798014525375e-08,0.9999996423721312,1.7547132305955584e-07,False,True,3,083 053 070,1.0,0.0,0.0,0.0
tie_qk,paper+tie_qk,encoder,E-SA8,2048,2048,512,2047.998087565104,0.0007994337037918,0.0018417021492496,0.0002882699674872,1.0056414206822712,0.0009613363329548,0.9999994039535522,1.1055014724130278e-06,0.0024007363244891,0.0002073685902007,0.0409155649443467,0.0068468291398565,1.0000000794728596,5.6195798014525375e-08,0.9999990661938986,3.903484881796142e-07,False,True,3,083 053 070,1.0,0.0,0.0,0.0
tie_qk,paper+tie_qk,D1,D1-STA1,1024,1024,1024,1024.00048828125,0.0,8.34309806426366e-10,2.868922821290555e-11,1.0,0.0,1.0,0.0,3.564411210632556e-09,2.710057210520707e-10,0.0,0.0,1.0000005960464478,0.0,1.0000004768371582,0.0,True,True,3,083 053 070,1.0,0.0,0.0,0.0
tie_qk,paper+tie_qk,D1,D1-STA2,1024,1024,1024,1024.00048828125,0.0,8.49553316584206e-10,4.5784195231674175e-11,1.0,0.0,1.0,0.0,3.564411210632556e-09,2.710057210520707e-10,0.0,0.0,1.0000005960464478,0.0,1.0000004768371582,0.0,True,True,3,083 053 070,1.0,0.0,0.0,0.0
tie_qk,paper+tie_qk,D1,D1-STA3,1024,1024,1024,1024.00048828125,0.0,1.067652040849983e-09,8.540687059739626e-11,1.0,0.0,1.0,0.0,3.564411210632556e-09,2.710057210520707e-10,0.0,0.0,1.0000005960464478,0.0,1.0000004768371582,0.0,True,True,3,083 053 070,1.0,0.0,0.0,0.0
tie_qk,paper+tie_qk,D1,D1-STA4,1024,1024,1024,1024.00048828125,0.0,9.65826529863989e-10,5.998664204069986e-11,1.0,0.0,1.0,0.0,3.564411210632556e-09,2.710057210520707e-10,0.0,0.0,1.0000005960464478,0.0,1.0000004768371582,0.0,True,True,3,083 053 070,1.0,0.0,0.0,0.0
tie_qk,paper+tie_qk,D2,D2-STA1,3072,3072,426,2575.5517578125,19.587360685924622,0.6203858455022176,0.0183062358390372,1.967620054880778,0.0163960994058526,0.9544673363367716,0.002414221127538,0.0890180543065071,0.0013663539152681,0.6744797825813293,0.0169385699675461,0.999438444773356,3.3806198277395026e-05,0.8383957544962565,0.0063760939732827,False,False,3,083 053 070,1.0,0.0,0.0,0.0
tie_qk,paper+tie_qk,D2,D2-STA2,3072,3072,426,353.60157267252606,63.67380132710653,1.100945274035136,0.0384089938359616,665.5965474446615,327.1261771348766,0.6300144791603088,0.3127167770473501,0.0890180543065071,0.0013663539152681,0.6744797825813293,0.0169385699675461,0.99812916914622,0.000140820446888,0.1151046786043379,0.0207271488695008,False,False,3,083 053 070,0.0790131563941637,0.0008015726330445,0.9235026041666666,0.001916599023916
tie_qk,paper+tie_qk,D2,D2-STA3,3072,3072,426,464.3096771240234,177.1379231260055,0.9645226001739502,0.0264416395894754,302.3790740966797,249.31862111962192,0.7535023093223572,0.3765817680869296,0.0890180543065071,0.0013663539152681,0.6744797825813293,0.0169385699675461,0.9985060890515646,0.0001097994819324,0.151142473022143,0.0576620843509132,False,False,3,083 053 070,0.0789561520020167,0.0006665824964007,0.9215494990348816,0.0
tie_qk,paper+tie_qk,D2,D2-STA4,3072,3072,426,612.2845865885416,61.30345801659093,1.7996056874593098,0.1325286794404279,411.5020446777344,54.16492218158683,0.2330318540334701,0.0367280947398423,0.0890180543065071,0.0013663539152681,0.6744797825813293,0.0169385699675461,0.9959980845451356,0.0005386618949652,0.1993113888634575,0.0199555527397756,False,False,3,083 053 070,0.9820173581441244,0.0117719110075749,0.2744140600164731,0.1217938108373825
pp_attn,paper+pp_attn,encoder,E-SA1,2048,2048,256,2047.9998779296875,9.966999278902906e-05,0.0007634850335307,0.0001055418417198,1.0014725526173909,0.0002235483536681,1.0000000794728596,2.247831920581015e-07,0.0038345334275315,0.0002999389288281,0.0450950923065344,0.0043921619579347,1.0000000794728596,5.6195798014525375e-08,0.9999999403953552,4.8666988666518094e-08,False,True,3,083 053 070,1.0,0.0,0.0,0.0
pp_attn,paper+pp_attn,encoder,E-SA2,2048,2048,256,2047.999918619792,5.7544497166873984e-05,0.0009083451780801,0.0001450722098165,1.001610239346822,0.0002114855747227,1.0,1.946679546660724e-07,0.0041764316459496,0.0003387039474723,0.0507296808063983,0.0039685714361863,1.0000000794728596,5.6195798014525375e-08,0.9999999602635702,2.8097899007262688e-08,False,True,3,083 053 070,1.0,0.0,0.0,0.0
pp_attn,paper+pp_attn,encoder,E-SA3,2048,2048,256,2047.999837239584,0.0001150889943337,0.000925213098526,0.0001475338468466,1.0017275015513103,0.0002927513557833,1.00000003973643,3.6850049080434257e-07,0.0045178709551692,0.0003816410299303,0.0531270938615004,0.0026588348731681,1.0000001192092896,0.0,0.9999999205271404,5.6195798014525375e-08,False,True,3,083 053 070,1.0,0.0,0.0,0.0
pp_attn,paper+pp_attn,encoder,E-SA4,2048,2048,256,2047.9994303385413,0.0003203942006026,0.0012048936720627,0.0002069359766384,1.0022331078847249,0.0003692419861885,0.9999999602635702,6.625386874092844e-07,0.0049602248085041,0.0004369099381799,0.055448063959678,0.0012449803842718,1.00000003973643,5.6195798014525375e-08,0.9999997218449912,1.5644248076303426e-07,False,True,3,083 053 070,1.0,0.0,0.0,0.0
pp_attn,paper+pp_attn,encoder,E-SA5,2048,2048,512,2048.0,0.0,0.0004682031479508,9.06261732935983e-05,1.0011295874913533,0.0002006530519346,0.9999999602635702,2.8097899007262688e-08,0.0030321133478234,0.0002803175786605,0.0512717391053835,0.0056997597369618,1.0000001192092896,0.0,1.0,0.0,False,True,3,083 053 070,1.0,0.0,0.0,0.0
pp_attn,paper+pp_attn,encoder,E-SA6,2048,2048,512,2047.999837239584,0.0001150889943337,0.0006845380024363,0.0001254477337217,1.001754959424337,0.0002933299919031,1.00000003973643,5.6195798014525375e-08,0.0036662224835405,0.0003526343419813,0.0613447825113932,0.0091975120575767,1.0000001192092896,0.0,0.9999999205271404,5.6195798014525375e-08,False,True,3,083 053 070,1.0,0.0,0.0,0.0
pp_attn,paper+pp_attn,encoder,E-SA7,2048,2048,512,2047.9990234375,0.0005274040281907,0.0010803684902687,0.0002144441085763,1.0029765764872234,0.0006074775746484,1.0,0.0,0.0044134402026732,0.0004459354521391,0.0841684937477111,0.0145030300678982,1.0000000794728596,5.6195798014525375e-08,0.9999995231628418,2.575214981400117e-07,False,True,3,083 053 070,1.0,0.0,0.0,0.0
pp_attn,paper+pp_attn,encoder,E-SA8,2048,2048,512,2047.997884114584,0.0008933308268269,0.0013881455524824,0.0003495692798182,1.0036799907684326,0.0008550759329053,0.9999999602635702,2.1945160661513134e-07,0.0052846232429146,0.000564640699142,0.1285886069138845,0.0224680674568479,1.0000001192092896,0.0,0.999998966852824,4.3619669278661707e-07,False,True,3,083 053 070,1.0,0.0,0.0,0.0
pp_attn,paper+pp_attn,D1,D1-STA1,1024,2049,1024,2048.595458984375,0.0318644826654043,0.0151857181141773,0.0009529106704052,1.2819635073343914,0.0043194603916823,0.9944921135902404,0.00082852364565,0.007449364910523,0.0005434605751079,1.4715276161829631,0.0036203301524721,0.9999999602635702,5.6195798014525375e-08,0.9998025666102368,1.5551236049489678e-05,False,True,3,083 053 070,1.0,0.0,0.0,0.0
pp_attn,paper+pp_attn,D1,D1-STA2,1024,2049,1024,2048.728841145833,0.0206336946495848,0.0158230895176529,0.0009389117099638,1.243968923886617,0.0015253214399352,0.9972281058629354,0.0003322605997898,0.007449364910523,0.0005434605751079,1.4715276161829631,0.0036203301524721,1.0,0.0,0.999867662833496,1.0070129160363525e-05,False,True,3,083 053 070,1.0,0.0,0.0,0.0
pp_attn,paper+pp_attn,D1,D1-STA3,1024,2049,1024,2048.7538248697915,0.0242215172065224,0.0193622671067714,0.0012864538720633,1.2108308871587117,0.0023085927020864,0.9979628523190816,0.0002556037054962,0.007449364910523,0.0005434605751079,1.4715276161829631,0.0036203301524721,0.9999999205271404,5.6195798014525375e-08,0.999879855963783,1.182114065716077e-05,False,True,3,083 053 070,1.0,0.0,0.0,0.0
pp_attn,paper+pp_attn,D1,D1-STA4,1024,2049,1024,2048.7577311197915,0.0251171018586808,0.0184257483730713,0.0005108985099688,1.2175050179163616,0.0021019275680334,0.9986413915952048,0.0001820597007873,0.007449364910523,0.0005434605751079,1.4715276161829631,0.0036203301524721,0.9999998807907104,0.0,0.9998817623815478,1.2258224430786184e-05,False,True,3,083 053 070,1.0,0.0,0.0,0.0
pp_attn,paper+pp_attn,D2,D2-STA1,3072,3072,426,2945.955485026041,3.225666117649282,0.2663692037264506,0.0037001678312943,1.4897983471552532,0.0053898270828922,1.0007465680440266,0.0003979841523707,0.0934754734237988,0.0011159292475894,0.7202895681063334,0.0214549804287553,0.999896009763082,2.871489805402703e-06,0.9589698844485812,0.0010500215226722,False,False,3,083 053 070,1.0,0.0,0.0,0.0
pp_attn,paper+pp_attn,D2,D2-STA2,3072,3072,426,2690.739013671875,14.035428656165776,0.8570478161176046,0.0584143926990806,1.913723429044088,0.0162072985402056,0.9577016433080038,0.0050100792669462,0.0934754734237988,0.0011159292475894,0.7202895681063334,0.0214549804287553,0.998973309993744,0.0001308447537444,0.8758916060129801,0.0045688244323456,False,False,3,083 053 070,1.0,0.0,0.0,0.0
pp_attn,paper+pp_attn,D2,D2-STA3,3072,3072,426,2035.3987223307288,38.75935206390335,1.3463828961054485,0.0727745715165894,2.768409887949625,0.0535171903118903,0.9026463826497396,0.006430246511875,0.0934754734237988,0.0011159292475894,0.7202895681063334,0.0214549804287553,0.9972856243451436,0.0003427780235038,0.662564688258701,0.0126169765833018,False,False,3,083 053 070,1.0,0.0,0.0,0.0
pp_attn,paper+pp_attn,D2,D2-STA4,3072,3072,426,1715.3524576822915,29.0568995600595,2.092052102088928,0.2144580230117711,9.482004801432293,1.0388039620401213,1.385732650756836,0.0585915200789113,0.0934754734237988,0.0011159292475894,0.7202895681063334,0.0214549804287553,0.994045356909434,0.001084091208681,0.558382961485121,0.0094586261588735,False,False,3,083 053 070,1.0,0.0,0.0,0.0
cd_rep05_full_f0,paper,encoder,E-SA1,2048,2048,256,2048.0,0.0,0.0003953427658416,5.653407345706049e-05,1.0007782379786174,0.0001197495272533,1.00000003973643,5.6195798014525375e-08,0.0027488751026491,0.0002044011240366,0.0371665296455224,0.0024635806827891,1.0000001192092896,0.0,1.0,0.0,False,True,3,083 053 070,1.0,0.0,0.0,0.0
cd_rep05_full_f0,paper,encoder,E-SA2,2048,2048,256,2048.0,0.0,0.0005372810022284,7.545498732783678e-05,1.0008764664332073,0.0001118077364864,1.0,0.0,0.0029028701440741,0.0002254351512624,0.0391444886724154,0.0012294271684907,1.0000000794728596,5.6195798014525375e-08,1.0,0.0,False,True,3,083 053 070,1.0,0.0,0.0,0.0
cd_rep05_full_f0,paper,encoder,E-SA3,2048,2048,256,2048.0,0.0,0.0004364537113967,6.944792983558936e-05,1.000893274943034,0.0001412479790116,1.0000000596046448,1.2876074907000588e-07,0.0030698618696381,0.0002481574283688,0.0439225025475025,0.0033979867349982,1.0000001192092896,0.0,1.0,0.0,False,True,3,083 053 070,1.0,0.0,0.0,0.0
cd_rep05_full_f0,paper,encoder,E-SA4,2048,2048,256,2048.0,0.0,0.0005045763973612,7.426939355700985e-05,1.0010303258895874,0.0001724498519847,1.0000000794728596,1.4868010627325145e-07,0.0033186764921993,0.000276052645363,0.0455309947331746,0.0020698607856194,1.0000001192092896,0.0,1.0,0.0,False,True,3,083 053 070,1.0,0.0,0.0,0.0
cd_rep05_full_f0,paper,encoder,E-SA5,2048,2048,512,2048.0001627604165,0.0001150889943337,0.000181943149073,2.809857524939901e-05,1.0003349383672078,5.002647659142615e-05,0.999999980131785,2.8097899007262688e-08,0.0014845210437973,0.0001180171162029,0.0333032111326853,0.0045835353763522,1.0000000794728596,5.6195798014525375e-08,1.0000000794728596,5.6195798014525375e-08,False,True,3,083 053 070,1.0,0.0,0.0,0.0
cd_rep05_full_f0,paper,encoder,E-SA6,2048,2048,512,2048.0000813802085,0.0001150889943337,0.0001665183517616,2.682089456012197e-05,1.000399907430013,4.708644540754605e-05,1.0000000198682149,7.434005313662572e-08,0.0016704079074164,0.0001357320426329,0.0367127936333417,0.0059777228151233,1.0000001192092896,0.0,1.00000003973643,5.6195798014525375e-08,False,True,3,083 053 070,1.0,0.0,0.0,0.0
cd_rep05_full_f0,paper,encoder,E-SA7,2048,2048,512,2048.0000813802085,0.0001150889943337,0.0002240382164018,3.30737513306127e-05,1.0005193948745728,7.656027333515877e-05,1.0,0.0,0.0019663501686106,0.0001674823113785,0.0403324911991755,0.0039960548056634,1.0000000794728596,5.6195798014525375e-08,1.00000003973643,5.6195798014525375e-08,False,True,3,083 053 070,1.0,0.0,0.0,0.0
cd_rep05_full_f0,paper,encoder,E-SA8,2048,2048,512,2048.0000813802085,0.0001150889943337,0.0003431081810655,5.1924977025014576e-05,1.000700036684672,0.0001008938080517,1.00000003973643,5.6195798014525375e-08,0.0023279847421993,0.0002070695558669,0.0465918655196825,0.0035898441532054,1.0000001192092896,0.0,1.00000003973643,5.6195798014525375e-08,False,True,3,083 053 070,1.0,0.0,0.0,0.0
cd_rep05_full_f0,paper,D1,D1-STA1,1024,1024,1024,1024.00048828125,0.0,1.260578604463565e-09,8.138760613789653e-11,1.0,0.0,1.0,0.0,3.8650697457380074e-09,2.583836624013269e-10,0.0,0.0,1.0000005960464478,0.0,1.0000004768371582,0.0,True,True,3,083 053 070,1.0,0.0,0.0,0.0
cd_rep05_full_f0,paper,D1,D1-STA2,1024,1024,1024,1024.00048828125,0.0,1.405680905008921e-09,1.2683575195929615e-10,1.0,0.0,1.0,0.0,3.8650697457380074e-09,2.583836624013269e-10,0.0,0.0,1.0000005960464478,0.0,1.0000004768371582,0.0,True,True,3,083 053 070,1.0,0.0,0.0,0.0
cd_rep05_full_f0,paper,D1,D1-STA3,1024,1024,1024,1024.00048828125,0.0,1.296389958345874e-09,5.906751216705314e-11,1.0,0.0,1.0,0.0,3.8650697457380074e-09,2.583836624013269e-10,0.0,0.0,1.0000005960464478,0.0,1.0000004768371582,0.0,True,True,3,083 053 070,1.0,0.0,0.0,0.0
cd_rep05_full_f0,paper,D1,D1-STA4,1024,1024,1024,1024.00048828125,0.0,1.699011894136977e-09,1.3982493048777456e-10,1.0,0.0,1.0,0.0,3.8650697457380074e-09,2.583836624013269e-10,0.0,0.0,1.0000005960464478,0.0,1.0000004768371582,0.0,True,True,3,083 053 070,1.0,0.0,0.0,0.0
cd_rep05_full_f0,paper,D2,D2-STA1,3072,3072,426,2670.451416015625,15.181352518478088,0.5272150834401449,0.0139014434487592,1.834853132565816,0.0137931270960533,1.0006970564524331,0.001387646125455,0.0970781122644742,0.0016432476924515,0.7828492323557535,0.0061736441412778,0.9995763897895812,2.2448251905848275e-05,0.8692875703175863,0.004941846522942,False,False,3,083 053 070,1.0,0.0,0.0,0.0
cd_rep05_full_f0,paper,D2,D2-STA2,3072,3072,426,440.58960978190106,59.3146481045085,0.8675801555315653,0.0651514387618681,375.1796315511068,108.80859955219933,0.445875272154808,0.2829362940258134,0.0970781122644742,0.0016432476924515,0.7828492323557535,0.0061736441412778,0.998922606309255,0.0001413864835924,0.1434210969342126,0.019308153679853,False,False,3,083 053 070,0.0654809897144635,0.0014277661955957,0.9377170205116272,0.0026221849596548
cd_rep05_full_f0,paper,D2,D2-STA3,3072,3072,426,146.07296752929688,12.97942055354242,1.0438575943311057,0.0844041913411376,1645.895751953125,559.3771452026772,0.1597527215878168,0.0268834027118417,0.0970781122644742,0.0016432476924515,0.7828492323557535,0.0061736441412778,0.9982486367225648,0.0002779790528959,0.0475497941176096,0.0042250717947729,False,False,3,083 053 070,0.1228335375587145,0.0801019968020627,0.935546875,0.0
cd_rep05_full_f0,paper,D2,D2-STA4,3072,3072,426,158.83211771647134,17.82415914888408,1.7025604645411174,0.1693220809972491,1259.5469970703125,319.3851937832548,0.145126869281133,0.0806136239614149,0.0970781122644742,0.0016432476924515,0.7828492323557535,0.0061736441412778,0.9950518210728964,0.0010006151221903,0.0517031633191638,0.0058021351396107,False,False,3,083 053 070,0.3397685041030248,0.1791824483330336,0.8820529580116272,0.0369532717125145
cd_rep05_full_f1,paper,encoder,E-SA1,2048,2048,256,2048.000244140625,0.0,0.0001980145801402,5.121752822933778e-06,1.0004766782124836,1.5290214708730363e-05,1.0,0.0,0.0019671557626376,2.4696532686176807e-05,0.0310379695147275,0.0013847368450776,1.0000001192092896,0.0,1.0000001192092896,0.0,False,True,3,055 088 026,1.0,0.0,0.0,0.0
cd_rep05_full_f1,paper,encoder,E-SA2,2048,2048,256,2048.0001627604165,0.0001150889943337,0.0002286180727727,7.58272255962629e-06,1.000454664230347,1.0805386727928792e-05,0.999999980131785,2.8097899007262688e-08,0.0020443273242563,2.586189621046789e-05,0.0310379695147275,0.0013847368450776,1.0000001192092896,0.0,1.0000000794728596,5.6195798014525375e-08,False,True,3,055 088 026,1.0,0.0,0.0,0.0
cd_rep05_full_f1,paper,encoder,E-SA3,2048,2048,256,2048.0001627604165,0.0001150889943337,0.0001975103174724,2.853710203418472e-06,1.0004815657933552,1.1817697077077932e-05,1.00000003973643,5.6195798014525375e-08,0.0021215753319362,2.7640068047195587e-05,0.0310379695147275,0.0013847368450776,1.0000001192092896,0.0,1.0000000794728596,5.6195798014525375e-08,False,True,3,055 088 026,1.0,0.0,0.0,0.0
cd_rep05_full_f1,paper,encoder,E-SA4,2048,2048,256,2048.0000813802085,0.0001150889943337,0.0002059922990156,5.322650120143347e-06,1.0005150238672893,1.5864044915178428e-05,1.0,0.0,0.0022299080931892,2.914110055247994e-05,0.0310379695147275,0.0013847368450776,1.0000001192092896,0.0,1.00000003973643,5.6195798014525375e-08,False,True,3,055 088 026,1.0,0.0,0.0,0.0
cd_rep05_full_f1,paper,encoder,E-SA5,2048,2048,512,2048.000244140625,0.0,6.538184728318204e-05,1.7438902592286695e-06,1.0001842975616455,6.88530401143725e-06,1.0,0.0,0.0011521904186035,1.710792546625952e-05,0.0210764203220605,0.0011117278193902,1.00000003973643,5.6195798014525375e-08,1.0000001192092896,0.0,False,True,3,055 088 026,1.0,0.0,0.0,0.0
cd_rep05_full_f1,paper,encoder,E-SA6,2048,2048,512,2048.0001627604165,0.0001150889943337,7.109302290094395e-05,1.4203655071893698e-06,1.0002125104268391,6.68729996372852e-06,1.0,9.73339773330362e-08,0.0012395438194895,1.882268841775542e-05,0.0210325637211402,0.0011323724680629,1.0,0.0,1.0000000794728596,5.6195798014525375e-08,False,True,3,055 088 026,1.0,0.0,0.0,0.0
cd_rep05_full_f1,paper,encoder,E-SA7,2048,2048,512,2048.0001627604165,0.0001150889943337,8.113709191093221e-05,1.9467057984119464e-06,1.0002328952153523,1.0507712653174838e-05,0.999999980131785,2.8097899007262688e-08,0.0013471621787175,2.140363291454864e-05,0.0217992737889289,0.0009540446905946,1.0000000794728596,5.6195798014525375e-08,1.0000000794728596,5.6195798014525375e-08,False,True,3,055 088 026,1.0,0.0,0.0,0.0
cd_rep05_full_f1,paper,encoder,E-SA8,2048,2048,512,2048.000244140625,0.0,0.0001018943973273,2.861543770016104e-06,1.000282883644104,1.087922202969246e-05,1.0,0.0,0.0014583585628618,2.349325846008249e-05,0.0217992737889289,0.0009540446905946,1.0000000794728596,5.6195798014525375e-08,1.0000001192092896,0.0,False,True,3,055 088 026,1.0,0.0,0.0,0.0
cd_rep05_full_f1,paper,D1,D1-STA1,1024,1024,1024,1024.00048828125,0.0,3.622346866904991e-10,1.5633714289728388e-11,1.0,0.0,1.0,0.0,1.9826768005160034e-09,9.559805628079579e-11,0.0,0.0,1.0000005960464478,0.0,1.0000004768371582,0.0,True,True,3,055 088 026,1.0,0.0,0.0,0.0
cd_rep05_full_f1,paper,D1,D1-STA2,1024,1024,1024,1024.00048828125,0.0,3.8639550818212837e-10,2.147594806401224e-11,1.0,0.0,1.0,0.0,1.9826768005160034e-09,9.559805628079579e-11,0.0,0.0,1.0000005960464478,0.0,1.0000004768371582,0.0,True,True,3,055 088 026,1.0,0.0,0.0,0.0
cd_rep05_full_f1,paper,D1,D1-STA3,1024,1024,1024,1024.00048828125,0.0,3.8122038859000895e-10,2.2732964713677377e-11,1.0,0.0,1.0,0.0,1.9826768005160034e-09,9.559805628079579e-11,0.0,0.0,1.0000005960464478,0.0,1.0000004768371582,0.0,True,True,3,055 088 026,1.0,0.0,0.0,0.0
cd_rep05_full_f1,paper,D1,D1-STA4,1024,1024,1024,1024.00048828125,0.0,4.888960347670942e-10,6.040102867721067e-11,1.0,0.0,1.0,0.0,1.9826768005160034e-09,9.559805628079579e-11,0.0,0.0,1.0000005960464478,0.0,1.0000004768371582,0.0,True,True,3,055 088 026,1.0,0.0,0.0,0.0
cd_rep05_full_f1,paper,D2,D2-STA1,3072,3072,426,2600.38330078125,1.925852961878308,0.5936110218365988,0.0016890365320312,1.9857967694600425,0.0035701496285775,1.075495362281799,0.0013598433830214,0.0895187382896741,0.0001390065807685,0.7859339714050293,0.00448403821422,0.9994854927062988,3.007525399099079e-06,0.8464789390563965,0.000626905261028,False,False,3,055 088 026,1.0,0.0,0.0,0.0
cd_rep05_full_f1,paper,D2,D2-STA2,3072,3072,426,38.08504740397135,2.057086148917456,0.4634048839410146,0.0028388288750475,1076.3105061848958,111.34781919499156,0.010950637049973,0.0012131465741256,0.0895187382896741,0.0001390065807685,0.7859339714050293,0.00448403821422,0.999561627705892,2.447583451975901e-06,0.0123974763684802,0.000669624397434,False,False,3,055 088 026,0.0499731600284576,0.0018370787228396,0.9704861243565878,0.000933403561198
cd_rep05_full_f1,paper,D2,D2-STA3,3072,3072,426,1481.7283935546875,5.90088649797142,1.8817944526672363,0.0277097327968905,160.1158192952474,8.939152200217436,0.7153623898824056,0.0167938657857243,0.0895187382896741,0.0001390065807685,0.7859339714050293,0.00448403821422,0.9950363039970398,0.0001451036199062,0.4823334614435832,0.001920861490225,False,False,3,055 088 026,0.9198326071103414,0.0065286125024311,0.2519531299670537,0.0050499435264395
cd_rep05_full_f1,paper,D2,D2-STA4,3072,3072,426,29.032298405965168,0.2573702188319103,0.6865579088528951,0.0147467260384823,1474.8680826822915,259.18898250408915,0.025910356392463,0.0048935911684287,0.0895187382896741,0.0001390065807685,0.7859339714050293,0.00448403821422,0.999341626962026,2.964120599965541e-05,0.0094506179706917,8.37793681093458e-05,False,False,3,055 088 026,0.0353178319831689,0.0009298440787339,0.978624145189921,0.0004059975803022
cd_rep05_full_f2,paper,encoder,E-SA1,2048,2048,256,2048.0000813802085,0.0001150889943337,0.0001967394297632,1.5163361496595527e-06,1.0004607836405437,5.603541111223103e-06,1.00000003973643,5.6195798014525375e-08,0.002000913179169,2.018914936978593e-05,0.0276980797449747,0.0007220632849997,1.0000001192092896,0.0,1.00000003973643,5.6195798014525375e-08,False,True,3,049 034 007,1.0,0.0,0.0,0.0
cd_rep05_full_f2,paper,encoder,E-SA2,2048,2048,256,2048.000244140625,0.0,0.0002439555246382,5.173955230069311e-06,1.0004716714223223,1.1047013368269536e-05,1.0,0.0,0.0021000631774465,2.2091328686926146e-05,0.0274758711457252,0.0009329257751206,1.0000001192092896,0.0,1.0000001192092896,0.0,False,True,3,049 034 007,1.0,0.0,0.0,0.0
cd_rep05_full_f2,paper,encoder,E-SA3,2048,2048,256,2048.0001627604165,0.0001150889943337,0.0002055356987208,4.0278601912289785e-06,1.000479261080424,1.2069544013825813e-05,0.9999999403953552,4.8666988666518094e-08,0.0021980667952448,2.347505953409176e-05,0.0290600713342428,0.0019797651500573,1.0000001192092896,0.0,1.0000000794728596,5.6195798014525375e-08,False,True,3,049 034 007,1.0,0.0,0.0,0.0
cd_rep05_full_f2,paper,encoder,E-SA4,2048,2048,256,2048.0000813802085,0.0001150889943337,0.0002307488660638,4.205841470777123e-06,1.0005483229955037,1.9133080657105853e-05,0.999999980131785,2.8097899007262688e-08,0.0023233741521835,2.5567921916529965e-05,0.0295016461362441,0.0014968034281674,1.0000001192092896,0.0,1.00000003973643,5.6195798014525375e-08,False,True,3,049 034 007,1.0,0.0,0.0,0.0
cd_rep05_full_f2,paper,encoder,E-SA5,2048,2048,512,2048.000244140625,0.0,7.747006263040627e-05,1.2449080678007533e-06,1.0001994768778484,7.562877180334929e-06,0.9999999602635702,2.8097899007262688e-08,0.0011998983876158,1.5074577007247148e-05,0.0235106945037841,0.0039948800152148,1.0000000794728596,5.6195798014525375e-08,1.0000001192092896,0.0,False,True,3,049 034 007,1.0,0.0,0.0,0.0
cd_rep05_full_f2,paper,encoder,E-SA6,2048,2048,512,2048.0001627604165,0.0001150889943337,9.292270745694016e-05,9.54964188314723e-07,1.0002427101135254,9.178857263018143e-06,1.0000000198682149,7.434005313662572e-08,0.0013091030608241,1.66434669082378e-05,0.023346755032738,0.0042261929462493,1.00000003973643,5.6195798014525375e-08,1.0000000794728596,5.6195798014525375e-08,False,True,3,049 034 007,1.0,0.0,0.0,0.0
cd_rep05_full_f2,paper,encoder,E-SA7,2048,2048,512,2048.000244140625,0.0,0.0001026001458133,3.274188772250228e-06,1.0002644856770833,1.1132442902948994e-05,0.999999980131785,2.8097899007262688e-08,0.0014421199448406,1.867573309330584e-05,0.0242911670356988,0.0028948287335515,1.0000001192092896,0.0,1.0000001192092896,0.0,False,True,3,049 034 007,1.0,0.0,0.0,0.0
cd_rep05_full_f2,paper,encoder,E-SA8,2048,2048,512,2048.000244140625,0.0,0.0001470040539667,3.829718612201447e-06,1.0003408590952556,1.567238242467513e-05,1.0,0.0,0.001580628256003,2.1073543319900538e-05,0.0242911670356988,0.0028948287335515,1.0000001192092896,0.0,1.0000001192092896,0.0,False,True,3,049 034 007,1.0,0.0,0.0,0.0
cd_rep05_full_f2,paper,D1,D1-STA1,1024,1024,1024,1024.00048828125,0.0,3.0655655791633757e-10,1.2857255914699396e-11,1.0,0.0,1.0,0.0,1.7208511652692475e-09,9.165932456261538e-11,0.0,0.0,1.0000005960464478,0.0,1.0000004768371582,0.0,True,True,3,049 034 007,1.0,0.0,0.0,0.0
cd_rep05_full_f2,paper,D1,D1-STA2,1024,1024,1024,1024.00048828125,0.0,3.637552481450257e-10,4.3371241454839225e-11,1.0,0.0,1.0,0.0,1.7208511652692475e-09,9.165932456261538e-11,0.0,0.0,1.0000005960464478,0.0,1.0000004768371582,0.0,True,True,3,049 034 007,1.0,0.0,0.0,0.0
cd_rep05_full_f2,paper,D1,D1-STA3,1024,1024,1024,1024.00048828125,0.0,3.995808128820499e-10,7.622910524894308e-12,1.0,0.0,1.0,0.0,1.7208511652692475e-09,9.165932456261538e-11,0.0,0.0,1.0000005960464478,0.0,1.0000004768371582,0.0,True,True,3,049 034 007,1.0,0.0,0.0,0.0
cd_rep05_full_f2,paper,D1,D1-STA4,1024,1024,1024,1024.00048828125,0.0,4.0047905732384e-10,2.0462418777663102e-11,1.0,0.0,1.0,0.0,1.7208511652692475e-09,9.165932456261538e-11,0.0,0.0,1.0000005960464478,0.0,1.0000004768371582,0.0,True,True,3,049 034 007,1.0,0.0,0.0,0.0
cd_rep05_full_f2,paper,D2,D2-STA1,3072,3072,426,2450.6446940104165,9.239110852861968,0.7121556798617045,0.0085369188541308,2.125422159830729,0.0082728671468368,0.9316163063049316,0.0016808871086107,0.1030312875906626,0.000735271293025,0.792051096757253,0.0025802054565741,0.999272088209788,1.7683760472578237e-05,0.7977359029981824,0.0030075230640826,False,False,3,049 034 007,1.0,0.0,0.0,0.0
cd_rep05_full_f2,paper,D2,D2-STA2,3072,3072,426,526.0563761393229,129.3367612446816,1.384135643641154,0.0252070761209014,685.5091145833334,284.01533909092603,1.7256080706914263,1.2899696604911035,0.1030312875906626,0.000735271293025,0.792051096757253,0.0025802054565741,0.9971059759457906,0.0001017386434178,0.1712423099411858,0.0421018103010031,False,False,3,049 034 007,0.1334699193636576,0.0002689813672477,0.8765190839767456,0.0026221849596548
cd_rep05_full_f2,paper,D2,D2-STA3,3072,3072,426,485.0625915527344,83.11248138977493,1.8614896933237712,0.0391535671631878,701.217295328776,237.39071611565583,0.208536277214686,0.0853891378753163,0.1030312875906626,0.000735271293025,0.792051096757253,0.0025802054565741,0.994145671526591,0.0003016271924533,0.1578979790210724,0.0270548442024006,False,False,3,049 034 007,0.1597954928874969,0.0004000553800917,0.8473307291666666,0.0036924249449944
cd_rep05_full_f2,paper,D2,D2-STA4,3072,3072,426,546.0049845377604,17.995511372385092,4.638827641805013,0.1048800667546944,470.9336344401042,53.860124953211326,5.973921457926433,2.093916702625861,0.1030312875906626,0.000735271293025,0.792051096757253,0.0025802054565741,0.9701785842577616,0.0015679313010836,0.1777359975708855,0.0058579138581982,False,False,3,049 034 007,0.5370623668034872,0.0018203408939286,0.5141058961550394,0.0022915356992968
cd_rep05_full_f3,paper,encoder,E-SA1,2048,2048,256,2048.0,0.0,0.0004017198904572,6.413528897198373e-05,1.0007729132970171,0.0001096246938615,1.0,8.429369702178808e-08,0.0026808291052778,0.0001850077416765,0.0353998194138209,0.0032148386137064,1.0000001192092896,0.0,1.0,0.0,False,True,3,056 099 054,1.0,0.0,0.0,0.0
cd_rep05_full_f3,paper,encoder,E-SA2,2048,2048,256,2048.0,0.0,0.0005011645844206,7.529805597667017e-05,1.0008244911829631,0.0001159664118187,1.0000000596046448,8.429369702178808e-08,0.0028271158225834,0.0002067046792415,0.0353998194138209,0.0032148386137064,1.0000000794728596,5.6195798014525375e-08,1.0,0.0,False,True,3,056 099 054,1.0,0.0,0.0,0.0
cd_rep05_full_f3,paper,encoder,E-SA3,2048,2048,256,2048.0,0.0,0.0004402905857811,7.875615338850181e-05,1.0008621613184612,0.0001345587349472,0.9999999602635702,5.6195798014525375e-08,0.0029622851870954,0.000224708353454,0.0368066069980462,0.0022716340376271,1.0000001192092896,0.0,1.0,0.0,False,True,3,056 099 054,1.0,0.0,0.0,0.0
cd_rep05_full_f3,paper,encoder,E-SA4,2048,2048,256,2048.0,0.0,0.0004533955846757,7.900185238068335e-05,1.0009323358535769,0.0001380211929295,1.00000003973643,5.6195798014525375e-08,0.0031617961358278,0.0002481455339569,0.037175936003526,0.0018851466667737,1.0000001192092896,0.0,1.0,0.0,False,True,3,056 099 054,1.0,0.0,0.0,0.0
cd_rep05_full_f3,paper,encoder,E-SA5,2048,2048,512,2048.0001627604165,0.0001150889943337,0.0001311774152175,2.3112674799272305e-05,1.0002857844034831,4.379924434837376e-05,0.9999999403953552,4.8666988666518094e-08,0.0014310931243623,0.0001082138545676,0.0368879400193691,0.0044569875579463,1.0000000794728596,5.6195798014525375e-08,1.0000000794728596,5.6195798014525375e-08,False,True,3,056 099 054,1.0,0.0,0.0,0.0
cd_rep05_full_f3,paper,encoder,E-SA6,2048,2048,512,2048.0001627604165,0.0001150889943337,0.0001364585162567,2.144832182116272e-05,1.0003494421641033,4.7033297994698e-05,0.9999999602635702,2.8097899007262688e-08,0.0016071803014104,0.0001215286320163,0.036714189996322,0.0042929755890848,1.0000001192092896,0.0,1.0000000794728596,5.6195798014525375e-08,False,True,3,056 099 054,1.0,0.0,0.0,0.0
cd_rep05_full_f3,paper,encoder,E-SA7,2048,2048,512,2048.0000813802085,0.0001150889943337,0.0001628324243938,2.75736894506718e-05,1.000442345937093,6.16124332794994e-05,1.0000000198682149,7.434005313662572e-08,0.0018499499031653,0.0001387400970666,0.0372105178733666,0.0058552672230474,1.0000001192092896,0.0,1.00000003973643,5.6195798014525375e-08,False,True,3,056 099 054,1.0,0.0,0.0,0.0
cd_rep05_full_f3,paper,encoder,E-SA8,2048,2048,512,2048.000244140625,0.0,0.0002317747081785,3.261787540336774e-05,1.0005669991175334,6.437819169672802e-05,1.0000000198682149,7.434005313662572e-08,0.0021408186294138,0.0001542568078847,0.0401393187542756,0.0025628309661032,1.0000001192092896,0.0,1.0000001192092896,0.0,False,True,3,056 099 054,1.0,0.0,0.0,0.0
cd_rep05_full_f3,paper,D1,D1-STA1,1024,1024,1024,1024.00048828125,0.0,6.487255177489715e-10,3.145322431751947e-11,1.0,0.0,1.0,0.0,3.003113239567293e-09,2.779294513271545e-10,0.0,0.0,1.0000005960464478,0.0,1.0000004768371582,0.0,True,True,3,056 099 054,1.0,0.0,0.0,0.0
cd_rep05_full_f3,paper,D1,D1-STA2,1024,1024,1024,1024.00048828125,0.0,6.343962392444761e-10,3.047493486651303e-11,1.0,0.0,1.0,0.0,3.003113239567293e-09,2.779294513271545e-10,0.0,0.0,1.0000005960464478,0.0,1.0000004768371582,0.0,True,True,3,056 099 054,1.0,0.0,0.0,0.0
cd_rep05_full_f3,paper,D1,D1-STA3,1024,1024,1024,1024.00048828125,0.0,7.329011471786846e-10,4.9023515337986886e-11,1.0,0.0,1.0,0.0,3.003113239567293e-09,2.779294513271545e-10,0.0,0.0,1.0000005960464478,0.0,1.0000004768371582,0.0,True,True,3,056 099 054,1.0,0.0,0.0,0.0
cd_rep05_full_f3,paper,D1,D1-STA4,1024,1024,1024,1024.00048828125,0.0,8.303023453966791e-10,1.9060670638392932e-10,1.0,0.0,1.0,0.0,3.003113239567293e-09,2.779294513271545e-10,0.0,0.0,1.0000005960464478,0.0,1.0000004768371582,0.0,True,True,3,056 099 054,1.0,0.0,0.0,0.0
cd_rep05_full_f3,paper,D2,D2-STA1,3072,3072,426,2499.1631673177085,22.67154436800012,0.6773998339970907,0.0205748700934506,2.106741031010946,0.0180641530150411,1.0331993103027344,0.0047880013490269,0.0899167781074841,0.0014653056640286,0.763557493686676,0.0121227625376328,0.9993414481480916,4.0358648828212175e-05,0.8135296768612332,0.007380060015625,False,False,3,056 099 054,1.0,0.0,0.0,0.0
cd_rep05_full_f3,paper,D2,D2-STA2,3072,3072,426,112.5333023071289,8.72750470533561,1.6168902317682905,0.1483283227787078,1380.1997477213542,436.1296340920676,0.0980325440565745,0.0252585740125901,0.0899167781074841,0.0014653056640286,0.763557493686676,0.0121227625376328,0.9959317247072856,0.0007470161620793,0.0366319343447685,0.0028409846046014,False,False,3,056 099 054,0.0578959000607331,0.0005934990110563,0.9469401041666666,0.0021755733263151
cd_rep05_full_f3,paper,D2,D2-STA3,3072,3072,426,951.4519246419272,69.4363851452438,4.383667071660359,0.41207616124247,350.13695271809894,69.68341258120037,0.7412588000297546,0.0661422551250905,0.0899167781074841,0.0014653056640286,0.763557493686676,0.0121227625376328,0.97591366370519,0.0040977919347406,0.3097174233860439,0.022602989956134,False,False,3,056 099 054,0.8940819899241129,0.0272077346638046,0.3359375,0.042155476249337
cd_rep05_full_f3,paper,D2,D2-STA4,3072,3072,426,122.36562093098958,27.71175950274434,0.7254884044329325,0.0401352824179495,841.8495279947916,536.7310771034834,0.3504649301369985,0.0591537584589875,0.0899167781074841,0.0014653056640286,0.763557493686676,0.0121227625376328,0.9991845289866128,0.0001193262989594,0.0398325588968065,0.0090207550464662,False,False,3,056 099 054,0.0574485982457796,0.0001720932368872,0.9442274371782938,0.0006688892482261
cd_rep05_full_f4,paper,encoder,E-SA1,2048,2048,256,2048.0000813802085,0.00011508899433374797,0.00035377541401733953,4.391963705268797e-05,1.0006732543309529,6.702271898050634e-05,1.0000000198682149,7.434005313662571e-08,0.0025359472104658685,0.0001372441821507039,0.035878067215283714,0.002921901911969625,1.0000001192092896,0.0,1.00000003973643,5.6195798014525375e-08,False,True,3,063 084 037,1.0,0.0,0.0,0.0
cd_rep05_full_f4,paper,encoder,E-SA2,2048,2048,256,2048.0,0.0,0.0004171552330565949,5.7689039965704665e-05,1.0007396539052327,8.775057982317304e-05,1.0,0.0,0.0026715389297654233,0.00016117291532940657,0.03660959874590238,0.002064022748577574,1.0000001192092896,0.0,1.0,0.0,False,True,3,063 084 037,1.0,0.0,0.0,0.0
cd_rep05_full_f4,paper,encoder,E-SA3,2048,2048,256,2048.0,0.0,0.00040457000917134184,6.691401124703607e-05,1.0007929801940918,0.00010535516213273749,1.0,8.429369702178807e-08,0.0028154167036215463,0.00018165902635252832,0.03693045303225517,0.0020243975577265557,1.0000001192092896,0.0,1.0,0.0,False,True,3,063 084 037,1.0,0.0,0.0,0.0
cd_rep05_full_f4,paper,encoder,E-SA4,2048,2048,256,2048.0,0.0,0.00038740597665309906,6.884781715240318e-05,1.0008622805277507,0.00010764703724283236,1.0,0.0,0.0030219288698087135,0.00020768288739896873,0.03707070276141167,0.002196177696076043,1.0000000794728596,5.6195798014525375e-08,1.0,0.0,False,True,3,063 084 037,1.0,0.0,0.0,0.0
cd_rep05_full_f4,paper,encoder,E-SA5,2048,2048,512,2048.000244140625,0.0,0.00014844201117133102,1.992962294957324e-05,1.0003362496693928,2.9969751740502323e-05,0.999999980131785,2.8097899007262688e-08,0.0015175216055164735,0.00010435318179345176,0.039052579551935196,0.006086150720240903,1.0000000794728596,5.6195798014525375e-08,1.0000001192092896,0.0,False,True,3,063 084 037,1.0,0.0,0.0,0.0
cd_rep05_full_f4,paper,encoder,E-SA6,2048,2048,512,2048.0001627604165,0.00011508899433374797,0.00015735505924870571,2.2067350497008814e-05,1.0004133780797322,4.2426264410242084e-05,0.999999980131785,2.8097899007262688e-08,0.0016945087118074298,0.0001192561680045697,0.04151684045791626,0.005129107359064279,1.0000001192092896,0.0,1.0000000794728596,5.6195798014525375e-08,False,True,3,063 084 037,1.0,0.0,0.0,0.0
cd_rep05_full_f4,paper,encoder,E-SA7,2048,2048,512,2048.0001627604165,0.00011508899433374797,0.0001856069672309483,2.7559346959021926e-05,1.0005111694335938,4.582642427689798e-05,1.0,0.0,0.0019179931841790676,0.00013805911081316686,0.04151684045791626,0.005129107359064279,1.0000001192092896,0.0,1.0000000794728596,5.6195798014525375e-08,False,True,3,063 084 037,1.0,0.0,0.0,0.0
cd_rep05_full_f4,paper,encoder,E-SA8,2048,2048,512,2048.0,0.0,0.0002606780471978709,3.3414696915427835e-05,1.0006352265675862,6.033523818584088e-05,1.0000000794728596,5.6195798014525375e-08,0.002175298286601901,0.00015696768218680131,0.04315353184938431,0.0055540076008254525,1.0000000794728596,5.6195798014525375e-08,1.0,0.0,False,True,3,063 084 037,1.0,0.0,0.0,0.0
cd_rep05_full_f4,paper,D1,D1-STA1,1024,1024,1024,1024.00048828125,0.0,1.748636198802463e-09,6.093102488960362e-11,1.0,0.0,1.0,0.0,3.832129650641984e-09,2.429531721415131e-10,0.0,0.0,1.0000005960464478,0.0,1.0000004768371582,0.0,True,True,3,063 084 037,1.0,0.0,0.0,0.0
cd_rep05_full_f4,paper,D1,D1-STA2,1024,1024,1024,1024.00048828125,0.0,1.775579979342486e-09,1.2467924049314503e-10,1.0,0.0,1.0,0.0,3.832129650641984e-09,2.429531721415131e-10,0.0,0.0,1.0000005960464478,0.0,1.0000004768371582,0.0,True,True,3,063 084 037,1.0,0.0,0.0,0.0
cd_rep05_full_f4,paper,D1,D1-STA3,1024,1024,1024,1024.00048828125,0.0,1.6185405608363605e-09,1.8987309180312457e-11,1.0,0.0,1.0,0.0,3.832129650641984e-09,2.429531721415131e-10,0.0,0.0,1.0000005960464478,0.0,1.0000004768371582,0.0,True,True,3,063 084 037,1.0,0.0,0.0,0.0
cd_rep05_full_f4,paper,D1,D1-STA4,1024,1024,1024,1024.00048828125,0.0,1.7651965814972452e-09,2.053760843413889e-11,1.0,0.0,1.0,0.0,3.832129650641984e-09,2.429531721415131e-10,0.0,0.0,1.0000005960464478,0.0,1.0000004768371582,0.0,True,True,3,063 084 037,1.0,0.0,0.0,0.0
cd_rep05_full_f4,paper,D2,D2-STA1,3072,3072,426,2587.841552734375,30.562733359378818,0.6040992538134257,0.029048940042375758,2.0435146490732827,0.024296292336564218,0.9813257455825806,0.012859625482938692,0.08536603550116222,0.002337982083182854,0.7433970173199972,0.022855449191829455,0.999450147151947,5.329637451166027e-05,0.8423963387807211,0.009948806432089459,False,False,3,063 084 037,1.0,0.0,0.0,0.0
cd_rep05_full_f4,paper,D2,D2-STA2,3072,3072,426,219.71416219075522,43.820189933045086,1.5651912689208984,0.2414335858570911,1713.9189453125,269.63142476785674,0.3757007320721944,0.05944879110883254,0.08536603550116222,0.002337982083182854,0.7433970173199972,0.022855449191829455,0.9963083465894064,0.0011849623072330822,0.07152153717146979,0.01426438474382978,False,False,3,063 084 037,0.05904976278543472,0.0005445744605681683,0.9474826455116272,0.0021483091622972908
cd_rep05_full_f4,paper,D2,D2-STA3,3072,3072,426,159.48685709635416,19.225290444476908,1.1839996178944905,0.12639001993431498,2040.3282877604167,223.6043834810513,0.23458603024482727,0.03834280047388316,0.08536603550116222,0.002337982083182854,0.7433970173199972,0.022855449191829455,0.997821033000946,0.00038055500552267556,0.051916294627719455,0.006258232566561494,False,False,3,063 084 037,0.05987060939272245,0.000126095116523417,0.944227417310079,0.0030805232840110494
cd_rep05_full_f4,paper,D2,D2-STA4,3072,3072,426,155.0968271891276,10.297640604477861,1.0655942559242249,0.1633699523449768,1447.0857340494792,180.6746684202773,0.1188444842894872,0.025818822790691004,0.08536603550116222,0.002337982083182854,0.7433970173199972,0.022855449191829455,0.9981547594070435,0.0005486481013005253,0.0504872484339608,0.0033520965509368037,False,False,3,063 084 037,0.20720547437667847,0.07131492612276952,0.9371744791666666,0.0029952641186306262
