run,id,definition,defect_gt_%,defect_cov_mm,defect_HD95_mm,defect_n_pred,defect_prec_mm,defect_F1@0.05
lr_fix_only,083,5mm,6.689453125,4.098049829168705,7.183663522021082,492,3.092969396037089,0.9098143236074271
lr_fix_only,083,6mm,3.6946614583333335,3.965128379544491,6.641658831538,266,3.5683604951937893,0.8745950948634891
lr_fix_only,083,implant,4.703776041666666,3.849046900987058,6.3723329960977395,248,3.368115681976842,0.9135338345864662
lr_fix_only,053,5mm,6.8359375,5.7452651866467335,11.604376762604003,332,3.2305825811953333,0.7931034482758621
lr_fix_only,053,6mm,4.248046875,6.481808893856953,12.377535073822893,180,3.832346930048773,0.7360774818401937
lr_fix_only,053,implant,5.501302083333334,6.470144175731097,12.3425594299495,149,3.470295237528621,0.7293233082706767
lr_fix_only,070,5mm,6.461588541666667,2.591688869997979,4.238033344517488,513,2.514142970760595,0.9936628643852978
lr_fix_only,070,6mm,4.78515625,2.456998447891103,3.9724722326565702,347,2.482520987543408,1.0
lr_fix_only,070,implant,6.119791666666666,2.447346964816885,3.915302919802109,390,2.3857772922779716,1.0
lr_fix_only,045,5mm,4.899088541666666,2.708813352792991,4.071837125656093,304,2.586774403494978,0.9966996699669968
lr_fix_only,045,6mm,4.264322916666666,2.681542439225633,4.012494164515696,261,2.6014460415933933,0.9980806142034548
lr_fix_only,045,implant,6.15234375,2.705182507687062,4.07094467165127,340,2.561267538303897,1.0
lr_fix_only,044,5mm,7.649739583333333,3.0855489759262515,4.906758729372618,604,2.899559694305707,0.9881593110871906
lr_fix_only,044,6mm,5.289713541666666,3.043513874964233,4.676088671749736,381,3.0633971639597424,0.9931983298708374
lr_fix_only,044,implant,6.54296875,2.999384978064633,4.511052885474713,408,2.9800961937744344,1.0
lr_fix_only,039,5mm,4.98046875,3.1338819824065784,4.377379163466673,289,3.03010634448574,0.9637535404950536
lr_fix_only,039,6mm,4.475911458333334,3.125212299386199,4.342547238725115,281,3.307551638482143,0.9161459722826775
lr_fix_only,039,implant,6.087239583333334,3.1261412203951764,4.348710933200998,329,3.0567823224617614,0.9664746490531473
lr_fix_only,022,5mm,6.201171875,3.9151094777577655,5.262296109991761,366,3.4051213328705057,0.9350914406925414
lr_fix_only,022,6mm,5.17578125,4.014354943165559,5.272348219413011,305,4.003866419224151,0.843692435314067
lr_fix_only,022,implant,6.73828125,3.9117688973332845,5.1951839768288455,329,3.6678773070629016,0.9437258342520846
lr_fix_only,080,5mm,7.747395833333333,3.3601375512943927,6.6050657477233665,606,2.9167059041305294,0.9538461538461539
lr_fix_only,080,6mm,4.768880208333334,2.887383632800396,4.437905781235719,358,2.953175195634925,0.9886409658071857
lr_fix_only,080,implant,5.891927083333334,2.8180862032588356,4.356941127276874,387,2.8320558614423703,1.0
lr_fix_only,010,5mm,7.861328125,3.064681852281702,4.535693924364156,610,2.876867752317752,0.99375
lr_fix_only,010,6mm,5.517578125,3.0692217784594438,4.525562012545283,373,3.0247763134698245,0.993027543393687
lr_fix_only,010,implant,6.93359375,2.9981214941953755,4.487830571202847,407,2.9122202942272133,0.9988249118683901
lr_fix_only,000,5mm,5.078125,2.4655650905887008,3.7500705327466477,398,2.51668742242222,0.9983948635634029
lr_fix_only,000,6mm,4.134114583333334,2.476017797253736,3.7320098707434664,305,2.5643016285155023,0.9950576606260296
lr_fix_only,000,implant,5.501302083333334,2.512209963305093,3.73658356829828,348,2.5313714920598986,1.0
lr_fix_only,018,5mm,6.998697916666667,3.3422622609143047,4.944496494548496,477,2.9288960044011576,0.9894242068155111
lr_fix_only,018,6mm,5.257161458333334,3.302465699828073,4.859553352365092,336,3.321652168198925,0.9894444728987889
lr_fix_only,018,implant,6.656901041666667,3.359848839756656,4.8272598448823585,331,3.152750508879529,0.9987760097919216
lr_fix_only,030,5mm,7.503255208333333,2.8629841409328165,4.316030834341923,530,2.7241482804044015,0.9923497267759563
lr_fix_only,030,6mm,5.908203125,2.807454636496751,4.24331222685681,386,2.7923100976004624,0.9894477182403727
lr_fix_only,030,implant,7.486979166666667,2.806541068821508,4.1917694236290215,442,2.724220342230232,0.9989118607181718
lr_fix_only,073,5mm,6.022135416666666,3.7275312532607874,5.644719851270912,407,3.1452109170434284,0.9101620029455081
lr_fix_only,073,6mm,4.6875,3.8569414520601892,5.612369309940585,279,3.5156092803637082,0.8669540784591296
lr_fix_only,073,implant,6.184895833333334,3.749398062034069,5.589825159037025,300,3.3505709590292896,0.9113414867188993
lr_fix_only,033,5mm,6.803385416666667,3.2227933119131285,4.778663196189532,487,2.982053699931834,0.9915560916767189
lr_fix_only,033,6mm,5.387369791666666,3.2529112037377574,4.668315162960135,379,3.225240855961051,0.9796247106822814
lr_fix_only,033,implant,6.93359375,3.201538083774673,4.564454861215351,410,3.1107927226888203,0.9988249118683901
lr_fix_only,090,5mm,7.877604166666667,3.486674457631634,6.015578957406616,553,3.1720122314103434,0.9602577873254564
lr_fix_only,090,6mm,6.103515625,3.391871457189931,5.599346127726354,426,3.425867751139851,0.9577133447038758
lr_fix_only,090,implant,7.486979166666667,3.5540535672404494,6.045668961514461,429,3.2774212750938028,0.9569160997732427
lr_fix_only,004,5mm,5.387369791666666,3.0151385953590513,4.707603144014443,380,2.839395586105322,0.9831029185867897
lr_fix_only,004,6mm,4.1015625,2.8829307911231252,4.45393509876486,271,2.8570667020213136,0.9810830777496699
lr_fix_only,004,implant,5.598958333333334,3.0243502028436464,4.6098516461789565,305,2.8720373182161647,0.9912023460410557
lr_fix_only,076,5mm,5.989583333333334,2.992458110407876,5.133777727461346,515,2.8306310041738656,0.9777777777777777
lr_fix_only,076,6mm,3.90625,2.943291689663471,4.615415164338257,305,2.967317576640279,0.9825234619395203
lr_fix_only,076,implant,4.801432291666666,2.9442960789521027,4.674223275719828,297,2.887147731373021,0.9897260273972603
lr_fix_only,077,5mm,4.345703125,2.740345198257029,4.1689423749973535,305,2.6505223601524244,0.9931999703271434
lr_fix_only,077,6mm,3.4993489583333335,2.731184513395087,4.076257297567655,238,2.6724539637126705,0.9936575052854123
lr_fix_only,077,implant,4.947916666666666,2.7144544857106587,4.032780871024703,298,2.6861215553444326,0.9983193277310924
lr_fix_only,012,5mm,6.868489583333333,2.815088893595637,4.3469744881617975,563,2.8556662677433065,0.9988137603795968
lr_fix_only,012,6mm,4.817708333333334,2.764077158273935,4.18705149465104,345,2.891771776036463,0.9985486211901305
lr_fix_only,012,implant,6.201171875,2.8257290813421085,4.221575871640178,377,2.81701612400031,1.0
lr_fix_only,031,5mm,6.526692708333333,2.5810738528072195,3.9564189313185336,504,2.601963638998166,0.9962453066332916
lr_fix_only,031,6mm,5.436197916666666,2.474379363385329,3.837721592487746,383,2.5513889425936784,0.9986928104575163
lr_fix_only,031,implant,7.161458333333333,2.491477414539389,3.845232101885998,468,2.559929336271452,1.0
rep_w05,083,5mm,6.689453125,3.8542576505387993,7.023608057129058,549,3.094309980624335,0.9352331606217618
rep_w05,083,6mm,3.6946614583333335,3.839687151486241,6.883569279800611,283,3.5381517666277076,0.920967184218738
rep_w05,083,implant,4.703776041666666,3.7331963243045503,6.216224860044717,270,3.4150855807537583,0.9452554744525548
rep_w05,053,5mm,6.8359375,6.548360706576788,13.800439801194107,276,3.1167064717548714,0.7234042553191489
rep_w05,053,6mm,4.248046875,7.531351978979611,14.478093952308996,112,3.7048018547324393,0.6153846153846153
rep_w05,053,implant,5.501302083333334,7.59254795481324,14.510218109259638,91,3.3931433019937267,0.6090534979423868
rep_w05,070,5mm,6.461588541666667,2.7291392701518546,4.221287543224118,514,2.7438448759689384,0.9987389659520807
rep_w05,070,6mm,4.78515625,2.6392575891204926,4.084650330209051,353,2.711691578848181,1.0
rep_w05,070,implant,6.119791666666666,2.6454255984382997,3.992220075914327,382,2.6574375056421626,1.0
rep_w05,045,5mm,4.899088541666666,2.852429929360159,4.313647508893028,316,2.7574274038704067,0.9790560456139031
rep_w05,045,6mm,4.264322916666666,2.8367900113050832,4.2418348300933415,277,2.8810278009486043,0.9741958289148109
rep_w05,045,implant,6.15234375,2.8673810426222346,4.357862862007846,362,2.802475178316691,0.9767100843165273
rep_w05,044,5mm,7.649739583333333,3.269142999303141,5.286397895062856,609,3.019710546852547,0.9782608695652174
rep_w05,044,6mm,5.289713541666666,3.2847602408168206,4.964496796024166,367,3.313495066976855,0.969628845031452
rep_w05,044,implant,6.54296875,3.255044105718463,4.805627436165345,389,3.197513989845846,0.9899497487437185
rep_w05,039,5mm,4.98046875,3.018081843899471,4.353308543742459,302,2.926586983181829,0.9702241552358648
rep_w05,039,6mm,4.475911458333334,3.017197563039836,4.330306551639686,291,3.1301214183699697,0.9407461885547318
rep_w05,039,implant,6.087239583333334,3.022229654507552,4.330389445689763,335,2.967142216423307,0.9737464299324299
rep_w05,022,5mm,6.201171875,3.985001348539558,5.730902836266708,349,3.3286019207058413,0.8623182184983603
rep_w05,022,6mm,5.17578125,4.138363941214335,5.77985813663921,283,3.8571159211843087,0.7690489402641952
rep_w05,022,implant,6.73828125,4.0032738294210235,5.712886246601065,306,3.525141670015279,0.864397622906537
rep_w05,080,5mm,7.747395833333333,3.569493869142446,6.821268457249788,560,3.0491637906590974,0.9515418502202644
rep_w05,080,6mm,4.768880208333334,3.2239822881727287,5.1160151518955965,343,3.18358663460149,0.9847394183702852
rep_w05,080,implant,5.891927083333334,3.1793116975186755,4.927712081594638,340,3.0594322351344903,0.9944444444444445
rep_w05,010,5mm,7.861328125,3.337972294164369,4.867291332622108,579,3.0641196504796167,0.9927007299270074
rep_w05,010,6mm,5.517578125,3.4509215169000402,4.846864967944115,374,3.354980167933541,0.991813218927806
rep_w05,010,implant,6.93359375,3.375140879784788,4.752483726926442,394,3.267412275041388,1.0
rep_w05,000,5mm,5.078125,2.444937851463529,3.6962064423446774,399,2.476691996157274,0.9983948635634029
rep_w05,000,6mm,4.134114583333334,2.424151775055558,3.6373539376634505,294,2.4882981689518338,0.9931506849315068
rep_w05,000,implant,5.501302083333334,2.3998895451557085,3.550225408079377,350,2.4521709672751033,0.9985693848354792
rep_w05,018,5mm,6.998697916666667,3.325388169705928,4.966584841529433,431,2.885982744683714,0.9917936694021102
rep_w05,018,6mm,5.257161458333334,3.33283859290858,4.9018214787048775,307,3.3509582325868164,0.970302274851979
rep_w05,018,implant,6.656901041666667,3.394475168779932,4.91954900393947,285,3.06944284034326,0.9938499384993851
rep_w05,030,5mm,7.503255208333333,3.190689665079908,4.598321790296536,520,2.9682516033500077,0.9967355821545157
rep_w05,030,6mm,5.908203125,3.236929293466394,4.596962003023523,368,3.121388270937532,0.9931600547195623
rep_w05,030,implant,7.486979166666667,3.1667590195811064,4.575743733119957,408,3.024681149234663,1.0
rep_w05,073,5mm,6.022135416666666,3.76915627401963,5.321609710005462,408,3.327634729690332,0.9376575460139979
rep_w05,073,6mm,4.6875,3.9053435530091503,5.380878711123272,296,3.728497311977434,0.896421845574388
rep_w05,073,implant,6.184895833333334,3.8142591799972574,5.301402670827197,318,3.580314013165476,0.9416301489921122
rep_w05,033,5mm,6.803385416666667,3.5837472947010895,5.022753033978059,435,3.085498081140022,0.9779951100244498
rep_w05,033,6mm,5.387369791666666,3.636148782963099,4.857161595218833,348,3.612872752745906,0.9437935882239435
rep_w05,033,implant,6.93359375,3.5372160517800224,4.806342489530407,367,3.3741708886753927,0.9917159763313609
rep_w05,090,5mm,7.877604166666667,4.136803883938194,8.291693482163994,505,3.2592234108061726,0.904977375565611
rep_w05,090,6mm,6.103515625,4.096736923918018,8.200484452742161,395,3.6266687987819037,0.8990753712524516
rep_w05,090,implant,7.486979166666667,4.274839227610942,8.37589463508282,384,3.453933571271714,0.888888888888889
rep_w05,004,5mm,5.387369791666666,3.0741853450999477,4.972188066401575,412,2.878034291573402,0.9724915130986516
rep_w05,004,6mm,4.1015625,2.9913678468061415,4.786890801472402,291,2.9946228936350234,0.9663745784475583
rep_w05,004,implant,5.598958333333334,3.0315411686871494,4.948536287535745,331,2.938098444699646,0.9732274516700713
rep_w05,076,5mm,5.989583333333334,2.919347094891762,4.7055350073658895,542,2.8360821521978394,0.9848275862068966
rep_w05,076,6mm,3.90625,2.8388346110620923,4.4025676366452915,312,2.951330805752081,0.9873397175783153
rep_w05,076,implant,4.801432291666666,2.816554097225633,4.370852785649091,313,2.8658084553044323,0.9965986394557823
rep_w05,077,5mm,4.345703125,2.8760693770246935,4.251255902743525,331,2.74332767733975,0.9875748288603099
rep_w05,077,6mm,3.4993489583333335,2.870953288541398,4.207365800530728,257,2.8592423303267123,0.9790187814256137
rep_w05,077,implant,4.947916666666666,2.8848571709120248,4.254382754146252,304,2.8385324772444225,0.9785935426802299
rep_w05,012,5mm,6.868489583333333,2.9815766502056364,4.35982806260407,517,2.83708802328971,0.9964328180737217
rep_w05,012,6mm,4.817708333333334,2.887870858223058,4.284850990136951,329,2.9119946969211186,0.9952694650936047
rep_w05,012,implant,6.201171875,2.9882143115922326,4.552021049310211,348,2.889683907279063,0.9973684210526316
rep_w05,031,5mm,6.526692708333333,2.823438179274478,4.166163344119389,469,2.766674143543119,0.9937264742785445
rep_w05,031,6mm,5.436197916666666,2.723573473246642,4.087993809433922,366,2.746536498585372,0.9958847736625513
rep_w05,031,implant,7.161458333333333,2.7282449323809086,4.087108231361313,443,2.714710496338798,1.0
cd_only,083,5mm,6.689453125,4.040600284035983,7.331151468813561,491,3.0844776106795453,0.9141347424042271
cd_only,083,6mm,3.6946614583333335,3.8743908365597535,6.2969304690940895,257,3.486422278291966,0.9043872919818458
cd_only,083,implant,4.703776041666666,3.768496718492,6.205536670616379,241,3.2287086255525095,0.9296296296296296
cd_only,053,5mm,6.8359375,5.298711933510104,10.77179310779187,334,3.152076587803684,0.8333333333333333
cd_only,053,6mm,4.248046875,5.878511533914745,11.073678833385932,159,3.3606084107344776,0.7832167832167831
cd_only,053,implant,5.501302083333334,5.840800263117761,11.022495714890798,143,3.284149353797869,0.7863554757630161
cd_only,070,5mm,6.461588541666667,2.9000997718533736,4.6542045189414525,479,2.682108804649502,0.9936628643852978
cd_only,070,6mm,4.78515625,2.823499245325792,4.501266280566212,308,2.650728662693355,0.9933518621456364
cd_only,070,implant,6.119791666666666,2.762180891635025,4.464816028103101,341,2.5998193599027415,0.9986684420772304
cd_only,045,5mm,4.899088541666666,2.828401949037865,4.301069586235555,276,2.628051940809418,0.986251212859052
cd_only,045,6mm,4.264322916666666,2.826319029871224,4.300985787205777,244,2.6305736381022493,0.9841693686820523
cd_only,045,implant,6.15234375,2.833296719788817,4.290697550453171,320,2.6099654570254214,0.9873653010474492
cd_only,044,5mm,7.649739583333333,3.655521387801329,5.790062850609654,549,3.09361694766169,0.9578713968957872
cd_only,044,6mm,5.289713541666666,3.74917048290448,5.725436248771498,335,3.5774540806147437,0.9358418367346939
cd_only,044,implant,6.54296875,3.7157213917635925,5.583467453506004,332,3.3252245270276517,0.9639175257731958
cd_only,039,5mm,4.98046875,3.2513109559845783,4.538758189645844,245,2.954200345612659,0.9554189031668145
cd_only,039,6mm,4.475911458333334,3.2601154693206573,4.512940464758938,248,3.3048318107481114,0.9068986888386282
cd_only,039,implant,6.087239583333334,3.2553499428839845,4.5004176184411,295,3.055699522031416,0.952290348665747
cd_only,022,5mm,6.201171875,3.9902515666692673,5.526299650333957,368,3.3413166603776197,0.9268191698581927
cd_only,022,6mm,5.17578125,4.086308972292492,5.528858865316119,283,4.034577593841485,0.8235341597777615
cd_only,022,implant,6.73828125,4.0092372665225025,5.430186591193013,302,3.6428690502033914,0.9269417392202072
cd_only,080,5mm,7.747395833333333,3.509155440107344,6.342831882713338,545,2.907338783985846,0.9584245076586434
cd_only,080,6mm,4.768880208333334,3.101115319934988,4.890189415785089,342,2.973225199012147,0.9858638822951832
cd_only,080,implant,5.891927083333334,2.999138313145371,4.683314987943094,349,2.861020565032594,1.0
cd_only,010,5mm,7.861328125,3.2026779072513523,5.0083707390025225,578,2.851019003801899,0.9895397489539749
cd_only,010,6mm,5.517578125,3.18132580830079,4.799766322086727,346,2.960045511077752,0.9912399530389235
cd_only,010,implant,6.93359375,3.117453157718153,4.791350647807943,373,2.8362290746083723,0.9952830188679246
cd_only,000,5mm,5.078125,2.6761578164054183,4.092581254224646,358,2.538084822648714,0.9983948635634029
cd_only,000,6mm,4.134114583333334,2.6526503738939486,4.028629636096627,264,2.563264459061172,0.9885057471264368
cd_only,000,implant,5.501302083333334,2.6507370920988014,3.96666194931,305,2.537478021051777,1.0
cd_only,018,5mm,6.998697916666667,3.497142383758909,5.124499001442173,454,2.9763478750998575,0.9870435806831566
cd_only,018,6mm,5.257161458333334,3.459732053507934,5.061111327758673,290,3.252390404323329,0.9884543520288588
cd_only,018,implant,6.656901041666667,3.479256543168733,5.037048806196279,309,3.1336345424291894,0.995085995085995
cd_only,030,5mm,7.503255208333333,3.3597951200670795,4.992938304065476,473,2.919293462314543,0.9856985698569856
cd_only,030,6mm,5.908203125,3.4350584060133316,5.026649762455113,315,3.1330479661333865,0.9815277573619482
cd_only,030,implant,7.486979166666667,3.409904057431675,4.985975877962629,360,3.074259887743681,0.9878987898789879
cd_only,073,5mm,6.022135416666666,3.6045542568964435,5.218523660322119,395,3.061984840573516,0.9577464788732395
cd_only,073,6mm,4.6875,3.7252822782969233,5.218911248562223,265,3.4403285290731973,0.9407048605311508
cd_only,073,implant,6.184895833333334,3.6366945685846295,5.1768951020972915,307,3.272203338162205,0.960328317373461
cd_only,033,5mm,6.803385416666667,3.647507830684987,4.988328976764084,414,3.189655075731432,0.9866666666666666
cd_only,033,6mm,5.387369791666666,3.7003930132548644,4.902404337601326,338,3.6021200962695854,0.946638005807595
cd_only,033,implant,6.93359375,3.6157011741102822,4.873839295408652,346,3.3699391659849205,0.9929078014184397
cd_only,090,5mm,7.877604166666667,3.9067335120529516,6.811121315241872,453,3.1955291984551875,0.9172259507829977
cd_only,090,6mm,6.103515625,3.8482061270496852,6.642393566154469,352,3.4610241297045095,0.9036300597351603
cd_only,090,implant,7.486979166666667,4.0269335006596885,7.071838453582504,357,3.280546617311239,0.9021479713603819
cd_only,004,5mm,5.387369791666666,3.1557544325092732,5.15575887595018,366,2.7829552932685804,0.9656250000000001
cd_only,004,6mm,4.1015625,3.0542022699093843,5.02591058767205,258,2.8538578559317176,0.9468212974693824
cd_only,004,implant,5.598958333333334,3.158734933860479,5.086535543947449,287,2.8087652872807922,0.966966966966967
cd_only,076,5mm,5.989583333333334,3.17843988609252,5.461905015992674,483,2.8830683517512985,0.969187675070028
cd_only,076,6mm,3.90625,3.1438439531882447,4.964040002455845,287,3.0661893590528315,0.9686024728362683
cd_only,076,implant,4.801432291666666,3.1808362129674457,5.409454020684214,281,2.975398710354719,0.9685314685314684
cd_only,077,5mm,4.345703125,3.0753133616970247,4.590784397837126,319,2.8311796250912318,0.9675368788819875
cd_only,077,6mm,3.4993489583333335,3.09766501554166,4.627275435262184,231,2.9646025712103334,0.9504067451910855
cd_only,077,implant,4.947916666666666,3.133145412760003,4.630848183330216,281,2.9428844652751986,0.9610525610817852
cd_only,012,5mm,6.868489583333333,3.021261585185418,4.611174040455659,489,2.8234349770881115,0.9916367980884111
cd_only,012,6mm,4.817708333333334,2.9214947145772125,4.431129436132107,320,2.955968907861023,0.9934965570007651
cd_only,012,implant,6.201171875,2.9846725259336826,4.621108921877039,334,2.795110378862462,0.9960474308300395
cd_only,031,5mm,6.526692708333333,2.982194551338433,4.684594267954154,425,2.6691153097727383,0.9886506935687264
cd_only,031,6mm,5.436197916666666,2.8885985514826515,4.548045235415746,336,2.671921967263679,0.9955156147904154
cd_only,031,implant,7.161458333333333,2.871376060806924,4.420372884101694,392,2.6533983571117306,0.9977220956719818
cd_rep05_full,083,5mm,6.689453125,3.9155046951918413,7.073113428450337,541,3.110527584007742,0.9054593874833555
cd_rep05_full,083,6mm,3.6946614583333335,3.754048622778596,6.906154466338575,324,3.4865993338027645,0.8896476039507376
cd_rep05_full,083,implant,4.703776041666666,3.636922880850426,6.687133576218449,302,3.252552482314346,0.9256505576208178
cd_rep05_full,053,5mm,6.8359375,5.957326494069222,12.279147566662104,321,3.2751723134984605,0.7896253602305476
cd_rep05_full,053,6mm,4.248046875,6.768273248484026,12.616927309107643,180,3.821370332198173,0.7205882352941176
cd_rep05_full,053,implant,5.501302083333334,6.769003431784267,12.728592356507274,140,3.437928540378208,0.7074569789674953
cd_rep05_full,070,5mm,6.461588541666667,2.7005643954979632,4.307598064014682,522,2.6551631338353006,0.9962073324905183
cd_rep05_full,070,6mm,4.78515625,2.5183419311820203,3.9113326642638717,368,2.660421289024281,0.998639455782313
cd_rep05_full,070,implant,6.119791666666666,2.523912309359358,3.8737772621541016,407,2.6001265026310794,1.0
cd_rep05_full,045,5mm,4.899088541666666,2.795967072876486,4.382173993766453,308,2.745614459772943,0.975400726532824
cd_rep05_full,045,6mm,4.264322916666666,2.800988570961139,4.283021177087816,290,2.811939272115336,0.9643675652079013
cd_rep05_full,045,implant,6.15234375,2.7617800343585084,4.167169334494389,368,2.703831106366145,0.982498243970967
cd_rep05_full,044,5mm,7.649739583333333,3.106147686059204,4.822435887605352,653,2.981579910504255,0.9859762675296655
cd_rep05_full,044,6mm,5.289713541666666,3.092227204334378,4.654365754251301,403,3.157019505216353,0.9891785918275984
cd_rep05_full,044,implant,6.54296875,3.0531022311078155,4.644693829810223,439,3.0629865390968414,0.9987546699875467
cd_rep05_full,039,5mm,4.98046875,3.0670469429586342,4.26076641149674,308,3.041565359492461,0.965100567925917
cd_rep05_full,039,6mm,4.475911458333334,3.0990070295763354,4.271494610027097,301,3.2363987172133806,0.9331948815850575
cd_rep05_full,039,implant,6.087239583333334,3.0566479271013933,4.253170492572127,356,3.0303658970688954,0.9641131009362814
cd_rep05_full,022,5mm,6.201171875,3.8329494375988493,5.159261827356134,384,3.438027356984057,0.9537770337461279
cd_rep05_full,022,6mm,5.17578125,3.9712113923845016,5.1161684610352,352,4.029444357881029,0.8464752945129249
cd_rep05_full,022,implant,6.73828125,3.8293070831870946,5.0514128054471215,366,3.650240332369211,0.9611672463111971
cd_rep05_full,080,5mm,7.747395833333333,3.1947863369802123,6.4766252748838715,646,2.8586706550913763,0.9549945115257958
cd_rep05_full,080,6mm,4.768880208333334,2.6412038338416637,4.330447883274744,413,2.823724879285291,0.9907331720744015
cd_rep05_full,080,implant,5.891927083333334,2.620583778751353,4.2793030564774845,444,2.7497670925256514,0.9986168741355463
cd_rep05_full,010,5mm,7.861328125,3.0755240011636262,4.650657097646209,626,2.9320412256455417,0.9927007299270074
cd_rep05_full,010,6mm,5.517578125,3.0726583024755527,4.487363242446148,410,3.129399630620185,0.9948617444034236
cd_rep05_full,010,implant,6.93359375,3.0152593824050786,4.3690613698287235,448,3.0185914523496207,0.9988249118683901
cd_rep05_full,000,5mm,5.078125,2.5032438307195863,3.7527043423859943,424,2.572573093004376,1.0
cd_rep05_full,000,6mm,4.134114583333334,2.4781586498597763,3.6702033509463186,337,2.6146878011822032,0.992526158445441
cd_rep05_full,000,implant,5.501302083333334,2.4945696842811773,3.6502258775643237,392,2.6099271399091792,1.0
cd_rep05_full,018,5mm,6.998697916666667,3.2976207100514157,4.939965156517509,520,3.045108308593185,0.9894242068155111
cd_rep05_full,018,6mm,5.257161458333334,3.2582387934573167,4.817757662885207,380,3.315087002232097,0.9903128277904609
cd_rep05_full,018,implant,6.656901041666667,3.273366201037287,4.738246567285978,389,3.1874896646256654,0.9975490196078431
cd_rep05_full,030,5mm,7.503255208333333,2.7967815479978397,4.410015482474903,579,2.6897487498433583,0.9978260869565216
cd_rep05_full,030,6mm,5.908203125,2.7622403489008316,4.278088825831578,413,2.7971678777021154,0.9926829268292683
cd_rep05_full,030,implant,7.486979166666667,2.757498776602967,4.28567686207801,473,2.718702061579809,1.0
cd_rep05_full,073,5mm,6.022135416666666,3.6838973910437574,5.303418375909885,424,3.224481369928325,0.9386428281186509
cd_rep05_full,073,6mm,4.6875,3.833602566778466,5.3034350301264395,306,3.6249019360699624,0.9007702763932941
cd_rep05_full,073,implant,6.184895833333334,3.698614415985869,5.277357543245435,353,3.4677775719125323,0.9393603546548449
cd_rep05_full,033,5mm,6.803385416666667,3.074687937378548,4.564177258906537,545,2.889698681029239,0.9891172914147521
cd_rep05_full,033,6mm,5.387369791666666,3.0701428803015984,4.528878041534521,415,3.105394019541986,0.9836194169296859
cd_rep05_full,033,implant,6.93359375,2.9738533470281423,4.426283601914353,473,2.986900339656833,0.9988249118683901
cd_rep05_full,090,5mm,7.877604166666667,3.764569854634717,7.256784527537567,619,3.226373969455462,0.9292035398230089
cd_rep05_full,090,6mm,6.103515625,3.7026300371422507,7.035464710541437,503,3.5290475857997627,0.9246869102762051
cd_rep05_full,090,implant,7.486979166666667,3.8440670847066305,7.523026086816229,500,3.3527728115658104,0.9214536928487691
cd_rep05_full,004,5mm,5.387369791666666,2.9237781682108324,4.790963645825055,424,2.8282430812355783,0.9772648594677521
cd_rep05_full,004,6mm,4.1015625,2.8108057867614864,4.5520718365313675,299,2.8695323936571566,0.9710595551303517
cd_rep05_full,004,implant,5.598958333333334,2.9069395145883714,4.761643346170365,350,2.8458506684069125,0.9793646621959595
cd_rep05_full,076,5mm,5.989583333333334,2.881084002223328,5.043466029087977,555,2.742201247140589,0.9820193637621023
cd_rep05_full,076,6mm,3.90625,2.767298623398335,4.4456097343611525,354,2.9296370829324117,0.9811049127226922
cd_rep05_full,076,implant,4.801432291666666,2.740517965784194,4.381490424521226,362,2.8099142006314994,0.9914529914529915
cd_rep05_full,077,5mm,4.345703125,2.7385851119306466,4.229878765912468,328,2.633961204816852,0.9913265835032309
cd_rep05_full,077,6mm,3.4993489583333335,2.7122783458309883,4.168152294176103,249,2.5896544461675,0.9936554783769305
cd_rep05_full,077,implant,4.947916666666666,2.6793854711319423,4.145735095850872,317,2.6400329864263257,0.9936138104612364
cd_rep05_full,012,5mm,6.868489583333333,2.8313296460300443,4.442241413232357,578,2.8060891800351553,0.9952380952380951
cd_rep05_full,012,6mm,4.817708333333334,2.7045528997868673,4.287480592085116,389,2.85405421381167,0.9974226804123711
cd_rep05_full,012,implant,6.201171875,2.770424366106174,4.314673593012083,419,2.8232624929635404,0.9986859395532194
cd_rep05_full,031,5mm,6.526692708333333,2.569580394931303,4.089667544480586,540,2.5634868154735853,0.992462311557789
cd_rep05_full,031,6mm,5.436197916666666,2.4419935960818524,3.753864997081331,432,2.5416514268566415,0.9965156794425087
cd_rep05_full,031,implant,7.161458333333333,2.4505839583803612,3.7705364582522134,522,2.545437077208075,1.0
cd_rep05_r2,083,5mm,6.689453125,4.230192656815956,8.100741127517518,489,3.103534464480495,0.8724279835390947
cd_rep05_r2,083,6mm,3.6946614583333335,4.263900008376098,8.033942889415927,259,3.516907199446881,0.8316126807699328
cd_rep05_r2,083,implant,4.703776041666666,4.077170856927427,7.985975863468418,243,3.217527809756861,0.8776699029126214
cd_rep05_r2,053,5mm,6.8359375,4.954463999966064,10.35023830303564,339,3.0368839046107725,0.8397790055248618
cd_rep05_r2,053,6mm,4.248046875,5.338415865845424,10.628290189300849,171,3.2475795603504154,0.7746478873239436
cd_rep05_r2,053,implant,5.501302083333334,5.363883300543877,10.817128668284496,167,3.087588606030554,0.781981981981982
cd_rep05_r2,070,5mm,6.461588541666667,2.6653162598680096,4.254466408958508,541,2.67912512489528,0.9949367088607595
cd_rep05_r2,070,6mm,4.78515625,2.5365384939982154,4.018177291916671,380,2.626085809203199,0.9986824769433464
cd_rep05_r2,070,implant,6.119791666666666,2.5035402918365066,3.972074495801104,424,2.5857344196028285,1.0
cd_rep05_r2,045,5mm,4.899088541666666,2.734954912492359,4.201199895882359,337,2.7019950568310054,0.9875922099441999
cd_rep05_r2,045,6mm,4.264322916666666,2.7460126328051895,4.131847057907409,302,2.7644007381702727,0.9794612447104964
cd_rep05_r2,045,implant,6.15234375,2.7181285801674493,4.100804465050942,389,2.6870637886148554,0.9909133335163478
cd_rep05_r2,044,5mm,7.649739583333333,3.3485449487523344,5.355671978777573,621,3.0992954577626843,0.9771490750816104
cd_rep05_r2,044,6mm,5.289713541666666,3.4312045267316424,5.172552555775277,396,3.414659562511217,0.9694638134166866
cd_rep05_r2,044,implant,6.54296875,3.379061363864992,5.005260065709292,418,3.293126821240653,0.9899497487437185
cd_rep05_r2,039,5mm,4.98046875,3.0905517030135337,4.400632971942776,315,3.026960919092316,0.9546150588081973
cd_rep05_r2,039,6mm,4.475911458333334,3.089518935286527,4.345283624266792,300,3.2923601589147107,0.899103678929766
cd_rep05_r2,039,implant,6.087239583333334,3.055546390152198,4.325666245433222,347,3.02620542506147,0.9561108338297564
cd_rep05_r2,022,5mm,6.201171875,3.5750394424415965,4.821442315483916,421,3.3463044536369906,0.9791906704945478
cd_rep05_r2,022,6mm,5.17578125,3.663795998729612,4.769317253424067,354,3.716929485055687,0.9259876294977117
cd_rep05_r2,022,implant,6.73828125,3.5619862854919617,4.693061575460379,397,3.4705661121819333,0.9853010642140655
cd_rep05_r2,080,5mm,7.747395833333333,3.222833958554679,5.997153250326003,613,2.8924003271700487,0.9652173913043478
cd_rep05_r2,080,6mm,4.768880208333334,2.8304005911245755,4.4739739738089455,373,2.8799508881602067,0.985700428383791
cd_rep05_r2,080,implant,5.891927083333334,2.74665789193991,4.302834362962351,391,2.755256574305632,0.9986168741355463
cd_rep05_r2,010,5mm,7.861328125,2.931505339518323,4.513947381508564,608,2.8102938081566657,0.9916492693110647
cd_rep05_r2,010,6mm,5.517578125,2.901127100752288,4.388199227382411,395,2.904720435625181,0.9957814767456249
cd_rep05_r2,010,implant,6.93359375,2.8458403217405603,4.308524184986845,434,2.8204439286752576,0.9988249118683901
cd_rep05_r2,000,5mm,5.078125,2.4765959400266246,3.9420013918856402,423,2.535950686744462,0.9967845659163987
cd_rep05_r2,000,6mm,4.134114583333334,2.448992974231157,3.815812302424544,331,2.5550200532618983,0.9908536585365855
cd_rep05_r2,000,implant,5.501302083333334,2.4334569531263033,3.819663037134627,385,2.505460028099486,1.0
cd_rep05_r2,018,5mm,6.998697916666667,3.2972912926274165,4.959331343189403,506,2.9366624511949153,0.9917936694021102
cd_rep05_r2,018,6mm,5.257161458333334,3.2816459752628324,4.956894840160457,337,3.2189898876634446,0.9819268655459826
cd_rep05_r2,018,implant,6.656901041666667,3.2964631404384086,4.9469637298868925,356,3.0701452343113473,0.9975490196078431
cd_rep05_r2,030,5mm,7.503255208333333,3.0131786049837235,4.654253511689233,536,2.7881744454791884,0.9934497816593887
cd_rep05_r2,030,6mm,5.908203125,2.9962418925023875,4.65314045973421,372,2.8915327033752183,0.9877684438596688
cd_rep05_r2,030,implant,7.486979166666667,2.9782460391575705,4.573276214416915,424,2.8119693199990987,0.9967284623773174
cd_rep05_r2,073,5mm,6.022135416666666,3.8243275901442138,5.5754779447008875,438,3.3420788179627983,0.9255672018044315
cd_rep05_r2,073,6mm,4.6875,4.026142097965837,5.6159258248735116,326,3.8326553844471944,0.8713961379781754
cd_rep05_r2,073,implant,6.184895833333334,3.9163267254209617,5.622843185073985,362,3.579912764353688,0.9199628977487109
cd_rep05_r2,033,5mm,6.803385416666667,3.283766211481561,4.822921396743538,477,3.0022388932901474,0.9829683698296838
cd_rep05_r2,033,6mm,5.387369791666666,3.2992951892407114,4.649240342324514,373,3.2581790884799,0.9721777955484472
cd_rep05_r2,033,implant,6.93359375,3.2776828641697224,4.634737005017921,406,3.1885962204249596,0.9952830188679246
cd_rep05_r2,090,5mm,7.877604166666667,3.666822351298906,6.5295788186008155,537,3.193053268862089,0.9478260869565218
cd_rep05_r2,090,6mm,6.103515625,3.635194331821756,6.201309666962406,423,3.4973000144636472,0.9484536082474226
cd_rep05_r2,090,implant,7.486979166666667,3.759725764128342,6.65884962986216,425,3.3325749232106445,0.9425287356321839
cd_rep05_r2,004,5mm,5.387369791666666,2.8339372384781063,4.543084061255623,437,2.746450005396054,0.9846625766871165
cd_rep05_r2,004,6mm,4.1015625,2.7370854222928473,4.337774693789152,300,2.8027668632004756,0.9826091638399829
cd_rep05_r2,004,implant,5.598958333333334,2.7668547258823746,4.36808057137004,357,2.7658973774864593,0.9926793557833089
cd_rep05_r2,076,5mm,5.989583333333334,3.214267529450411,5.323508137559983,535,2.9360700018381194,0.9749303621169916
cd_rep05_r2,076,6mm,3.90625,3.2185655171928134,5.155981874330575,320,3.227328122721853,0.9713538873994638
cd_rep05_r2,076,implant,4.801432291666666,3.1862330771199896,5.315377077266461,310,3.0780477782332736,0.9756944444444445
cd_rep05_r2,077,5mm,4.345703125,2.739398181738593,4.096422907854263,358,2.7275808892518767,0.9789853330127435
cd_rep05_r2,077,6mm,3.4993489583333335,2.6986426948232975,3.943531139303944,281,2.7404738550253036,0.9828313531992288
cd_rep05_r2,077,implant,4.947916666666666,2.668017285680759,3.991535526623976,349,2.760507654182584,0.9712616629710676
cd_rep05_r2,012,5mm,6.868489583333333,2.982079141940321,4.520262436302105,545,2.873146743570007,0.9952380952380951
cd_rep05_r2,012,6mm,4.817708333333334,2.8789269120733154,4.359910087246834,362,2.9743133196815346,0.9944444444444445
cd_rep05_r2,012,implant,6.201171875,2.9100159304968702,4.394297404138988,392,2.853582158383117,0.9986859395532194
cd_rep05_r2,031,5mm,6.526692708333333,2.756177745632255,4.345435179469631,487,2.6813121921628076,0.9899244332493703
cd_rep05_r2,031,6mm,5.436197916666666,2.6474594731633787,4.15436941438,392,2.671680645532564,0.9931787595647324
cd_rep05_r2,031,implant,7.161458333333333,2.6618133284033823,4.16497181315087,464,2.6358820741384243,0.995433789954338
tie_qk,083,5mm,6.689453125,3.977651172190874,6.954568988256415,545,3.218205539434052,0.9098143236074271
tie_qk,083,6mm,3.6946614583333335,4.068013050394524,6.436094768089349,302,3.7036001229676336,0.8595613827594364
tie_qk,083,implant,4.703776041666666,3.91542585324924,6.167805092616458,274,3.417800051291126,0.9094339622641509
tie_qk,053,5mm,6.8359375,4.6786796778627755,9.32256197155733,364,2.9540940984801787,0.8555858310626703
tie_qk,053,6mm,4.248046875,4.981202245890072,9.694686905637779,172,3.02007141795287,0.8163265306122449
tie_qk,053,implant,5.501302083333334,4.978823166236356,9.386518169115872,167,2.864305083839209,0.8140350877192982
tie_qk,070,5mm,6.461588541666667,2.6993965372712543,4.324366835013674,508,2.634055003269181,0.9936628643852978
tie_qk,070,6mm,4.78515625,2.576901917619869,4.0403206214361065,360,2.637280702103508,0.9941265360818864
tie_qk,070,implant,6.119791666666666,2.5352785924694143,4.039256414860478,379,2.456790704013772,0.9986684420772304
tie_qk,045,5mm,4.899088541666666,2.708597899442593,4.387520889542574,322,2.5652529999138154,0.9833145374911485
tie_qk,045,6mm,4.264322916666666,2.6941855543652635,4.246336199879557,280,2.5904081658192197,0.9812188311778515
tie_qk,045,implant,6.15234375,2.6929801183624837,4.243404226436256,363,2.5691563528828767,0.9839016098390161
tie_qk,044,5mm,7.649739583333333,3.2523460473139956,5.023647599504033,642,3.022354016483832,0.9859762675296655
tie_qk,044,6mm,5.289713541666666,3.2760096709126203,5.0218690344205275,401,3.2609265102090967,0.9804983409503536
tie_qk,044,implant,6.54296875,3.20265946466377,4.9275903947847945,425,3.128876544546474,0.9937421777221527
tie_qk,039,5mm,4.98046875,3.0865598575749726,4.428845427709132,309,2.9526761237937595,0.9723577235772358
tie_qk,039,6mm,4.475911458333334,3.0783749543632486,4.435818629363232,296,3.158023936150997,0.9440191325370108
tie_qk,039,implant,6.087239583333334,3.0365862179587273,4.391067869632319,346,2.99656813305626,0.9760191276947803
tie_qk,022,5mm,6.201171875,3.6754339868456443,4.929848947086599,419,3.329317141017676,0.9710162682881222
tie_qk,022,6mm,5.17578125,3.7822171882518836,4.961252444972985,358,3.80209123691421,0.89365642392412
tie_qk,022,implant,6.73828125,3.640346756689202,4.895280657356471,392,3.466883695447565,0.975366969000278
tie_qk,080,5mm,7.747395833333333,3.356850678576478,6.312193185207646,609,2.9208058795829817,0.9572836801752465
tie_qk,080,6mm,4.768880208333334,2.9869578389637206,4.861058572860468,372,2.992758116176395,0.9887448618856299
tie_qk,080,implant,5.891927083333334,2.9134446396360962,4.585579564299389,383,2.9141021564667446,0.9986168741355463
tie_qk,010,5mm,7.861328125,2.8071425225287365,4.362262404503416,613,2.705128689995279,0.99375
tie_qk,010,6mm,5.517578125,2.76068177008822,4.2496219757170115,394,2.7734144348042467,0.9959858678493573
tie_qk,010,implant,6.93359375,2.6962586692889294,4.215618541310616,420,2.6711538032987012,1.0
tie_qk,000,5mm,5.078125,2.4427835486277236,3.83582859168431,407,2.466333642185755,0.9983948635634029
tie_qk,000,6mm,4.134114583333334,2.4075847621523776,3.6822066573785186,302,2.497619480584834,0.9897131266299622
tie_qk,000,implant,5.501302083333334,2.4323493743291866,3.741602245478069,344,2.4513250797978383,0.9985185185185186
tie_qk,018,5mm,6.998697916666667,3.220735663263556,4.798629366182543,504,2.9864973150607454,0.9906103286384975
tie_qk,018,6mm,5.257161458333334,3.1769297994454258,4.7893906116385665,336,3.133072333097471,0.9894019259066104
tie_qk,018,implant,6.656901041666667,3.2319294164336565,4.7824674439136805,362,3.057469497408474,0.9975490196078431
tie_qk,030,5mm,7.503255208333333,3.0148164192713254,4.727512731765006,532,2.7524316677367593,0.9923497267759563
tie_qk,030,6mm,5.908203125,3.015604851556752,4.694901092261501,374,2.8709142960776757,0.9918908080973102
tie_qk,030,implant,7.486979166666667,2.9522347519850327,4.5718869175708114,432,2.7778121831444085,0.9978213507625272
tie_qk,073,5mm,6.022135416666666,3.537149604099481,5.448906914351722,431,3.065596572603777,0.9458689458689459
tie_qk,073,6mm,4.6875,3.6408558410238157,5.47428656584873,306,3.40711184965848,0.9188869153345174
tie_qk,073,implant,6.184895833333334,3.566299668416462,5.458297645635845,328,3.2752798402861556,0.9444444444444444
tie_qk,033,5mm,6.803385416666667,3.014438989004589,4.612645108237517,508,2.8079363687759797,0.9891172914147521
tie_qk,033,6mm,5.387369791666666,3.0042362221271572,4.513832766406948,387,2.93092968328355,0.9887889721382271
tie_qk,033,implant,6.93359375,2.9639357808016964,4.458908872568025,428,2.90904664054933,0.9964664310954063
tie_qk,090,5mm,7.877604166666667,3.567352788202566,6.489421147205495,557,3.1383742887314323,0.9432314410480349
tie_qk,090,6mm,6.103515625,3.4707528468559956,6.094189997877633,440,3.397863137057895,0.9406466141225671
tie_qk,090,implant,7.486979166666667,3.63550976550595,6.501176560019407,432,3.2337828442820076,0.9388696655132642
tie_qk,004,5mm,5.387369791666666,2.9728358207249266,4.4997445991807385,424,2.869008271082371,0.9877675840978594
tie_qk,004,6mm,4.1015625,2.864091333178005,4.438241007125896,298,2.9209234785687284,0.9825179563626508
tie_qk,004,implant,5.598958333333334,2.904979222139232,4.485351580390402,342,2.863277465672347,0.988235294117647
tie_qk,076,5mm,5.989583333333334,2.976746971065369,4.545602660561532,537,2.8391427597104433,0.9862258953168044
tie_qk,076,6mm,3.90625,2.8592948508631073,4.162763471016658,322,2.9462116818702184,0.9844236760124611
tie_qk,076,implant,4.801432291666666,2.79727066078561,4.223291403276626,324,2.8493587516926575,0.9965986394557823
tie_qk,077,5mm,4.345703125,2.866708645564935,4.394952871381622,333,2.6804176678658425,0.9808339496511356
tie_qk,077,6mm,3.4993489583333335,2.87640303699992,4.35034038159352,256,2.8405352433867344,0.976653334573528
tie_qk,077,implant,4.947916666666666,2.8988292378723526,4.37600604357488,314,2.854886460491109,0.9788527397260275
tie_qk,012,5mm,6.868489583333333,2.8454675928732462,4.458426659337057,546,2.7712614302930545,0.9964328180737217
tie_qk,012,6mm,4.817708333333334,2.768141212636679,4.362146859269085,357,2.8284891898202376,0.9985974754558204
tie_qk,012,implant,6.201171875,2.798894814664932,4.271687338647891,394,2.8159225728527337,0.9986859395532194
tie_qk,031,5mm,6.526692708333333,2.698788654128556,4.164806730819057,492,2.6582884698513793,0.992462311557789
tie_qk,031,6mm,5.436197916666666,2.6038191389789205,4.07364870688855,389,2.6641188515977055,0.9974226804123711
tie_qk,031,implant,7.161458333333333,2.6301798822423588,4.082700177762439,477,2.6394641840281023,1.0
tie_qk_r2,083,5mm,6.689453125,3.661679804636615,6.22544337932404,567,3.073565726074865,0.9461538461538462
tie_qk_r2,083,6mm,3.6946614583333335,3.528161717537272,5.696301823554799,322,3.4631811000950425,0.930738762042637
tie_qk_r2,083,implant,4.703776041666666,3.4691046302261475,5.524349221850158,309,3.3062557134388437,0.967857142857143
tie_qk_r2,053,5mm,6.8359375,5.8600663639196995,11.933251397932597,298,3.1315344880227816,0.787878787878788
tie_qk_r2,053,6mm,4.248046875,6.633223030531341,12.023967702091497,142,3.6129241873101883,0.7111111111111111
tie_qk_r2,053,implant,5.501302083333334,6.658227018414496,12.431016964125225,120,3.3399771554947226,0.7123809523809524
tie_qk_r2,070,5mm,6.461588541666667,2.749215439091105,4.416099508205199,515,2.6444396131195127,0.9936628643852978
tie_qk_r2,070,6mm,4.78515625,2.6150154723421135,4.031781111374789,358,2.632404294501866,0.9955048244400118
tie_qk_r2,070,implant,6.119791666666666,2.610907136386354,4.060240793351399,388,2.620170695556899,0.9973333333333333
tie_qk_r2,045,5mm,4.899088541666666,2.8366319063031558,4.4107616656633795,329,2.614055230954742,0.9769758597883597
tie_qk_r2,045,6mm,4.264322916666666,2.8269685147829096,4.431207204147926,285,2.6773779654211864,0.9717891662131347
tie_qk_r2,045,implant,6.15234375,2.821393290070374,4.414071325402755,371,2.6635193018538983,0.978623885294632
tie_qk_r2,044,5mm,7.649739583333333,3.28384631917234,5.248494764006421,605,3.0105014625551245,0.9804772234273319
tie_qk_r2,044,6mm,5.289713541666666,3.2568290352806715,5.038014498064672,391,3.2653567580226754,0.9853456743784889
tie_qk_r2,044,implant,6.54296875,3.2166842138470324,4.960858920664144,399,3.139283690353855,0.9924812030075187
tie_qk_r2,039,5mm,4.98046875,3.212285959918779,4.643918175230285,270,3.049788022507825,0.9401838121717638
tie_qk_r2,039,6mm,4.475911458333334,3.208787418313108,4.624691141363776,290,3.4226827166371065,0.8629776210692955
tie_qk_r2,039,implant,6.087239583333334,3.2084002905474858,4.59314646360727,309,3.1172673070608186,0.94370405675423
tie_qk_r2,022,5mm,6.201171875,3.8425028512667754,5.382852226064432,384,3.3733434835056895,0.9128771369073563
tie_qk_r2,022,6mm,5.17578125,3.9835194244518,5.425134526264618,317,3.931365082849823,0.8232849735315905
tie_qk_r2,022,implant,6.73828125,3.919620043700608,5.350171104642994,353,3.6109587045560256,0.9174753495626985
tie_qk_r2,080,5mm,7.747395833333333,3.4417298184425222,6.67794306952236,604,2.981581582129193,0.9549945115257958
tie_qk_r2,080,6mm,4.768880208333334,2.992890807591215,4.698101481201681,363,2.9861900897324345,0.9886789940898738
tie_qk_r2,080,implant,5.891927083333334,2.900526398296611,4.603487448336043,383,2.913207873737718,1.0
tie_qk_r2,010,5mm,7.861328125,3.3331805758556157,4.727694611794362,588,3.0137926868773097,0.9947970863683663
tie_qk_r2,010,6mm,5.517578125,3.404126402744533,4.7217443456948835,364,3.2590504712950246,0.9972451790633609
tie_qk_r2,010,implant,6.93359375,3.3197681194930357,4.720985355750517,390,3.155348193490286,1.0
tie_qk_r2,000,5mm,5.078125,2.7126504685128148,4.024520432790087,383,2.6400006066832775,0.9938744837515946
tie_qk_r2,000,6mm,4.134114583333334,2.6919010754559896,3.9298124507129315,279,2.6990230212339803,0.9926434526728789
tie_qk_r2,000,implant,5.501302083333334,2.726764858766913,3.9525331433602773,327,2.664708000039729,0.9970326409495549
tie_qk_r2,018,5mm,6.998697916666667,3.307969271794919,5.005731902218099,508,2.9726409757518444,0.988235294117647
tie_qk_r2,018,6mm,5.257161458333334,3.2746442375625646,4.909400022545325,349,3.218134428769539,0.9809338222328723
tie_qk_r2,018,implant,6.656901041666667,3.327439351588615,4.95415080313522,363,3.0972851369991994,0.995085995085995
tie_qk_r2,030,5mm,7.503255208333333,3.1639243205157617,4.755543768696005,515,2.886205789407456,0.9945474372955289
tie_qk_r2,030,6mm,5.908203125,3.1986365129085956,4.766265969018178,368,3.0912626679201636,0.9890635524911637
tie_qk_r2,030,implant,7.486979166666667,3.1565674997707958,4.73665623369717,413,2.9822745952608805,0.9978213507625272
tie_qk_r2,073,5mm,6.022135416666666,4.05155684426886,6.1292865433461285,384,3.3164906376045007,0.8743807024914587
tie_qk_r2,073,6mm,4.6875,4.2645999269841965,6.298344046095393,285,3.836760290140892,0.7995822264605045
tie_qk_r2,073,implant,6.184895833333334,4.1565812930969255,6.13483987657036,290,3.5897439291583244,0.8694183479644746
tie_qk_r2,033,5mm,6.803385416666667,3.678074262436434,5.042932028952362,423,3.2110421253106063,0.9767441860465117
tie_qk_r2,033,6mm,5.387369791666666,3.7263186704899565,4.888850006811293,341,3.7030659813602655,0.9351477397963286
tie_qk_r2,033,implant,6.93359375,3.7154948833464236,4.9815168613292515,343,3.4836667171851943,0.982078853046595
tie_qk_r2,090,5mm,7.877604166666667,3.7651356695636973,6.651887449704967,511,3.1935501150157095,0.9268292682926829
tie_qk_r2,090,6mm,6.103515625,3.7230254091285335,6.568899585965512,398,3.4589078120414083,0.9201393302992551
tie_qk_r2,090,implant,7.486979166666667,3.882842169781243,6.940615880758027,392,3.2821491066809636,0.9189189189189189
tie_qk_r2,004,5mm,5.387369791666666,3.1883896924444,4.934395818790656,415,3.0004691274869644,0.9724998503800347
tie_qk_r2,004,6mm,4.1015625,3.132272198945442,4.86846596060415,293,3.157246593118489,0.9508392858414579
tie_qk_r2,004,implant,5.598958333333334,3.133638015652902,4.888294546006713,335,3.011882209848885,0.9732446389028743
tie_qk_r2,076,5mm,5.989583333333334,2.95968863357354,4.88615620920796,544,2.8336723734195766,0.9848275862068966
tie_qk_r2,076,6mm,3.90625,2.8210522201927115,4.552194796237182,317,2.8409729203024883,0.9853533601899527
tie_qk_r2,076,implant,4.801432291666666,2.8304883612039577,4.460205739331637,325,2.8211751480145866,0.9948892674616696
tie_qk_r2,077,5mm,4.345703125,3.1342543422858813,4.667710468938816,354,2.9290593351015657,0.9630361731567503
tie_qk_r2,077,6mm,3.4993489583333335,3.1757895321369563,4.679743196227895,278,3.099229054472735,0.949868352691505
tie_qk_r2,077,implant,4.947916666666666,3.0804740252452145,4.620858957511319,323,3.0179585559583613,0.9640956323392751
tie_qk_r2,012,5mm,6.868489583333333,3.0863984869536565,4.814778542120812,524,2.8766736666125636,0.9892215568862275
tie_qk_r2,012,6mm,4.817708333333334,3.0195163577089867,4.691456717404584,349,3.055890109223444,0.9920622142860628
tie_qk_r2,012,implant,6.201171875,3.0752946106891943,4.827883784767947,379,2.963286249664372,0.9947229551451187
tie_qk_r2,031,5mm,6.526692708333333,2.787333066082768,4.247276955024886,480,2.6712344318659436,0.9937264742785445
tie_qk_r2,031,6mm,5.436197916666666,2.692326281501089,4.091480799038882,385,2.6620891268308395,0.9946011032358195
tie_qk_r2,031,implant,7.161458333333333,2.6785029152970297,4.105582684418601,456,2.6332939901727066,0.9988623435722412
notext,083,5mm,6.689453125,3.631974690974369,6.285149146361583,556,3.061048084211968,0.9475032010243278
notext,083,6mm,3.6946614583333335,3.290812162326558,5.081707232200451,278,3.2353443454628747,0.9755463693139826
notext,083,implant,4.703776041666666,3.2687480972716765,5.007227152959484,285,3.1130774109114534,0.9859649122807017
notext,053,5mm,6.8359375,6.507612100762558,13.033499116250745,268,3.2410711348873567,0.7683284457478006
notext,053,6mm,4.248046875,7.484110913828627,13.330968550433159,134,3.973771133046453,0.6917293233082707
notext,053,implant,5.501302083333334,7.475656247511323,13.371024921462846,94,3.5805199986287093,0.6771037181996085
notext,070,5mm,6.461588541666667,2.918784599520738,4.485757155843572,481,2.7221081320926985,0.9923857868020305
notext,070,6mm,4.78515625,2.8502570062518418,4.321895447611221,324,2.786134649397373,0.9952109704641351
notext,070,implant,6.119791666666666,2.8619787157309475,4.286799218825574,355,2.7264780781902553,1.0
notext,045,5mm,4.899088541666666,2.8350835855760983,4.107764151235094,305,2.6983047647235607,0.9917349925587474
notext,045,6mm,4.264322916666666,2.8361919444458974,4.161170767273556,264,2.764690933501481,0.9866955808228813
notext,045,implant,6.15234375,2.8119371298060547,4.104552484778565,347,2.69256333575402,0.9888165427272833
notext,044,5mm,7.649739583333333,3.234353248574544,5.251427932138855,618,3.0030163031753654,0.981581798483207
notext,044,6mm,5.289713541666666,3.2244598438170335,5.059043854068194,378,3.227248298047772,0.9773246879802108
notext,044,implant,6.54296875,3.216906234089517,4.911409860733781,387,3.1516298827797598,0.9912170639899623
notext,039,5mm,4.98046875,3.1786228180058713,4.49772494959771,285,3.053719088908113,0.9463740735358234
notext,039,6mm,4.475911458333334,3.1817077756693073,4.463049868529675,272,3.351815328015508,0.8905312879504697
notext,039,implant,6.087239583333334,3.1501228262972725,4.4158769470020545,323,3.0822620287662645,0.9514179896019892
notext,022,5mm,6.201171875,3.8649447281746845,5.466855808735012,377,3.343406473846012,0.9269623194262048
notext,022,6mm,5.17578125,4.024060883548396,5.493197576554759,305,3.9568145331934437,0.8299674267100977
notext,022,implant,6.73828125,3.9223038934263457,5.452154421912206,324,3.6022409624144336,0.928886968212811
notext,080,5mm,7.747395833333333,3.3449101989029018,6.010419992671214,609,2.9597973120524794,0.9640914036996736
notext,080,6mm,4.768880208333334,2.947446015777712,4.715488146170212,353,2.9432756006977474,0.9889180561869705
notext,080,implant,5.891927083333334,2.8701755545362224,4.489196551092735,374,2.82388815934217,0.9986168741355463
notext,010,5mm,7.861328125,3.440687028780547,5.045185404150852,576,3.097989868092478,0.99375
notext,010,6mm,5.517578125,3.5903256142373134,5.047677201421228,374,3.412889203398925,0.9931623795872014
notext,010,implant,6.93359375,3.470881205459546,4.996195403577664,389,3.314902738363319,1.0
notext,000,5mm,5.078125,2.6225589883111478,4.112877816231531,391,2.53972205526551,0.9967845659163987
notext,000,6mm,4.134114583333334,2.656768417247857,3.995349204885432,295,2.658487389287981,0.9965986394557823
notext,000,implant,5.501302083333334,2.6427403496268465,3.9629563615036005,344,2.6435045341990366,1.0
notext,018,5mm,6.998697916666667,3.299019895091223,4.96998805245426,494,3.0189222461981653,0.9917936694021102
notext,018,6mm,5.257161458333334,3.2974517746342697,4.963446601008502,350,3.340210292973957,0.9854049978457561
notext,018,implant,6.656901041666667,3.3147435873774747,4.9482629634419695,342,3.1173586074883026,0.996319018404908
notext,030,5mm,7.503255208333333,2.9186787651198327,4.3931228958549,547,2.7643773407425614,0.9956427015250544
notext,030,6mm,5.908203125,2.893155049072236,4.3598968795137045,376,2.838371933583548,0.9946263687290754
notext,030,implant,7.486979166666667,2.923755134628565,4.347082149889721,438,2.812467739820058,0.9989118607181718
notext,073,5mm,6.022135416666666,3.7671838535940685,5.392824453161363,412,3.213301787098692,0.924876064573535
notext,073,6mm,4.6875,3.959799554891713,5.407572945653515,286,3.6955857422786953,0.8772863640762605
notext,073,implant,6.184895833333334,3.851157190665783,5.385898906002291,312,3.5132199366515815,0.9225935707130498
notext,033,5mm,6.803385416666667,3.5541877025304336,4.845081600075714,465,3.1326018807027234,0.9878934624697336
notext,033,6mm,5.387369791666666,3.637198029372942,4.795871693820165,355,3.5077619287226005,0.9608900966130124
notext,033,implant,6.93359375,3.584797289280892,4.784414910569941,370,3.3700885325899983,0.9952830188679246
notext,090,5mm,7.877604166666667,4.307669231434437,8.118826414510217,464,3.2737859863229724,0.8835063437139561
notext,090,6mm,6.103515625,4.3365348230028085,7.871669137817461,372,3.7504759751737224,0.8604771419470403
notext,090,implant,7.486979166666667,4.450690419384535,8.378585245121917,340,3.4763188185085836,0.8683886838868389
notext,004,5mm,5.387369791666666,2.977341922838576,4.617940458159591,391,2.7907580061149977,0.9815384615384616
notext,004,6mm,4.1015625,2.9141698274824654,4.530459508502083,280,2.88250845209362,0.9700347719370014
notext,004,implant,5.598958333333334,2.9930849042375343,4.590817778585902,322,2.8300232796972233,0.983751846381093
notext,076,5mm,5.989583333333334,2.918594037678279,4.914213677015597,521,2.7449987395219595,0.9848275862068966
notext,076,6mm,3.90625,2.8513762436485965,4.46957873296979,290,2.821754250878091,0.9902937976060936
notext,076,implant,4.801432291666666,2.838464818314462,4.476237361102968,298,2.803977279187542,0.9948892674616696
notext,077,5mm,4.345703125,3.2685826832077076,4.568780520605334,300,2.925534937450317,0.965740543265409
notext,077,6mm,3.4993489583333335,3.3510529661805144,4.593252056172224,221,3.145150209723771,0.9541193338480203
notext,077,implant,4.947916666666666,3.2636701883825543,4.486867505867205,267,3.0974447747750244,0.9687736454909043
notext,012,5mm,6.868489583333333,2.9894004133949332,4.403712794909198,539,2.883384057800876,0.9952380952380951
notext,012,6mm,4.817708333333334,2.91824935629236,4.276050532251764,325,2.9355109593246764,0.9953632148377125
notext,012,implant,6.201171875,3.000910192423551,4.446430634068786,359,2.9210711314167885,0.9960474308300395
notext,031,5mm,6.526692708333333,2.6336882229525473,3.9914177520466017,481,2.602387938473352,0.9949874686716792
notext,031,6mm,5.436197916666666,2.560751430374659,3.9470621502878767,392,2.586305021844604,0.9974424552429668
notext,031,implant,7.161458333333333,2.5516878661098255,3.914357272284209,463,2.5557040044826667,1.0
notext_r2,083,5mm,6.689453125,3.8263380230732476,6.557111414384293,502,3.107707865385774,0.937984496124031
notext_r2,083,6mm,3.6946614583333335,3.6704773766215038,5.799055246046726,256,3.4275314827762453,0.9389432449500726
notext_r2,083,implant,4.703776041666666,3.593864188534019,5.750261706200006,261,3.30825874435807,0.960431654676259
notext_r2,053,5mm,6.8359375,6.544482492431377,13.296700429639115,288,3.309504716895735,0.7518573551263
notext_r2,053,6mm,4.248046875,7.702026179267197,13.847663443201114,137,4.239036362536927,0.6441558441558441
notext_r2,053,implant,5.501302083333334,7.731809143904692,13.757386982618046,89,3.882131465994176,0.6204081632653061
notext_r2,070,5mm,6.461588541666667,2.8155656494687102,4.425073549417452,490,2.700119390484392,0.9936628643852978
notext_r2,070,6mm,4.78515625,2.6987441833268937,4.101154950372261,315,2.653732549955158,0.9984101748807631
notext_r2,070,implant,6.119791666666666,2.710200883923899,4.143438597075364,352,2.6058285760417528,1.0
notext_r2,045,5mm,4.899088541666666,2.8204318050313395,4.168951845120933,282,2.638719387113146,0.9896973484510312
notext_r2,045,6mm,4.264322916666666,2.835244657281836,4.1669875476886205,251,2.682622618861314,0.9802616781839194
notext_r2,045,implant,6.15234375,2.798994836603055,4.169320487936222,336,2.6148743782755006,0.9872638387125073
notext_r2,044,5mm,7.649739583333333,3.287058862384334,5.0205713582946325,580,3.0193924060206156,0.9881593110871906
notext_r2,044,6mm,5.289713541666666,3.3138206878007828,4.794022391888446,343,3.277482697153444,0.9836253950014364
notext_r2,044,implant,6.54296875,3.288182175539814,4.7469668561520395,369,3.1843292905197775,0.9962546816479401
notext_r2,039,5mm,4.98046875,3.3219136057985756,4.563636711070131,237,3.0617559730295993,0.9511574828822954
notext_r2,039,6mm,4.475911458333334,3.359485856725443,4.5819771399626426,250,3.471317495473253,0.8772073921971253
notext_r2,039,implant,6.087239583333334,3.337552844612357,4.5062432959640475,274,3.120174672982691,0.9552830169411909
notext_r2,022,5mm,6.201171875,3.8692529921865497,5.22155691658821,381,3.451200215867978,0.9527522952340723
notext_r2,022,6mm,5.17578125,3.994007705927401,5.26073291550755,296,3.9680961307279565,0.8845133646194655
notext_r2,022,implant,6.73828125,3.9299662135598896,5.103603662097389,337,3.739610013826137,0.9541983873569989
notext_r2,080,5mm,7.747395833333333,3.316615810638747,5.904820471265768,576,2.944770702713185,0.9708108108108108
notext_r2,080,6mm,4.768880208333334,3.050232699519237,4.8350044634744975,343,2.977497340454885,0.9885202091626949
notext_r2,080,implant,5.891927083333334,2.971087150096295,4.588944088757142,366,2.8858411995366873,1.0
notext_r2,010,5mm,7.861328125,3.5078281930267283,5.01851232489322,556,3.100985733086319,0.9895397489539749
notext_r2,010,6mm,5.517578125,3.6604870503819718,5.020836700680341,336,3.499353985211939,0.9836628869521756
notext_r2,010,implant,6.93359375,3.5481790820716324,4.926080353837031,357,3.3324818827887044,0.9964664310954063
notext_r2,000,5mm,5.078125,2.5475275994152256,3.8899088257482877,381,2.530341973834879,0.9986859395532194
notext_r2,000,6mm,4.134114583333334,2.5491037836828996,3.8759637744023463,277,2.547993972608606,0.996376811594203
notext_r2,000,implant,5.501302083333334,2.588128009367578,3.924809445343508,319,2.5556065606584046,1.0
notext_r2,018,5mm,6.998697916666667,3.3497064812317077,4.921907365235679,493,2.9929527505434184,0.9906103286384975
notext_r2,018,6mm,5.257161458333334,3.3499064031555696,4.8746611776668445,336,3.3336843946890746,0.980368201937806
notext_r2,018,implant,6.656901041666667,3.354702331295981,4.880288648388252,338,3.13962940526263,0.995085995085995
notext_r2,030,5mm,7.503255208333333,2.7460639502233546,4.277365143032161,541,2.6088268215566557,0.9934497816593887
notext_r2,030,6mm,5.908203125,2.6751455999100786,4.133168824908824,377,2.6645620340983367,0.9919335828152165
notext_r2,030,implant,7.486979166666667,2.6771170619704474,4.167171426890435,441,2.590296290488229,0.9978213507625272
notext_r2,073,5mm,6.022135416666666,3.548778109231719,5.103755765467262,414,3.076077332650239,0.9592123769338958
notext_r2,073,6mm,4.6875,3.6633773725657335,5.0893674066767725,275,3.3944073666944674,0.9413854351687388
notext_r2,073,implant,6.184895833333334,3.5519432455012954,5.058604202145381,316,3.254234418002568,0.9645776566757494
notext_r2,033,5mm,6.803385416666667,3.8238974741384286,5.284962546605858,401,3.317644813508375,0.9679012345679012
notext_r2,033,6mm,5.387369791666666,3.8857057171172844,5.043134822237529,327,3.8080126267243233,0.9162186650558745
notext_r2,033,implant,6.93359375,3.819495095038818,5.0466561923963695,334,3.5668228516505174,0.9759615384615384
notext_r2,090,5mm,7.877604166666667,3.9833766586109367,7.400738066870911,471,3.1908363892287492,0.9208472686733556
notext_r2,090,6mm,6.103515625,3.9969973407482224,7.348343971591633,370,3.5928645298607274,0.9026359799315123
notext_r2,090,implant,7.486979166666667,4.143061102875821,7.7084022023862016,352,3.3943661269504246,0.906064209274673
notext_r2,004,5mm,5.387369791666666,3.267209042839654,5.302076572010701,376,2.9620687088291766,0.9640062597809077
notext_r2,004,6mm,4.1015625,3.209224467486569,5.247694554424554,253,3.0318268498686765,0.9483397274771794
notext_r2,004,implant,5.598958333333334,3.249510500354796,5.25609777624934,292,2.999294203533921,0.9685157421289354
notext_r2,076,5mm,5.989583333333334,3.004137201675502,5.023331363554623,508,2.7768189336400266,0.9806094182825486
notext_r2,076,6mm,3.90625,2.9206770166990417,4.695955987371429,279,2.8271990728566982,0.9788305298089026
notext_r2,076,implant,4.801432291666666,2.8996090557499397,4.758141831623624,275,2.6799647897022387,0.9931740614334471
notext_r2,077,5mm,4.345703125,2.864332641617867,4.341360888283527,306,2.691203157809927,0.9838213066114314
notext_r2,077,6mm,3.4993489583333335,2.884792198450156,4.297335339453088,236,2.811977300594483,0.9801027538432148
notext_r2,077,implant,4.947916666666666,2.8831144897998167,4.298926942701649,289,2.760186165643784,0.9882287899380341
notext_r2,012,5mm,6.868489583333333,2.8988420322780977,4.430064622121624,508,2.770409474040094,0.9940405244338498
notext_r2,012,6mm,4.817708333333334,2.852640608995694,4.388978296738045,316,2.842980003553034,0.9935545656056987
notext_r2,012,implant,6.201171875,2.9210625083757336,4.384119704902444,347,2.8011527226581254,0.9986859395532194
notext_r2,031,5mm,6.526692708333333,2.9444803716245214,4.653592127862698,462,2.784033166701324,0.992462311557789
notext_r2,031,6mm,5.436197916666666,2.8812180366471414,4.552074131562394,378,2.8684095286165543,0.9893048128342246
notext_r2,031,implant,7.161458333333333,2.840547968986034,4.551709858718044,445,2.7639571873046793,1.0
pp_attn,083,5mm,6.689453125,4.611525676044601,9.420057805153299,414,2.9685106357756355,0.8240343347639485
pp_attn,083,6mm,3.6946614583333335,4.897818954472413,9.605145526786638,195,3.410195147128948,0.7534450978671113
pp_attn,083,implant,4.703776041666666,4.557101066670929,8.896363150244566,177,2.962226519072113,0.8131416837782341
pp_attn,053,5mm,6.8359375,4.093815921615153,7.550118129478322,434,3.0915556760365095,0.955223880597015
pp_attn,053,6mm,4.248046875,4.232390679322313,7.5756201919594055,249,3.4374743641198013,0.9411764705882353
pp_attn,053,implant,5.501302083333334,4.16590926508854,7.62270959572798,235,3.1605160614794183,0.9371069182389937
pp_attn,070,5mm,6.461588541666667,2.8307528681183385,4.567335370171068,495,2.719810720304122,0.9911054637865311
pp_attn,070,6mm,4.78515625,2.65377321958577,4.057491602539223,333,2.67952683350065,0.9937869047068436
pp_attn,070,implant,6.119791666666666,2.6659670591695295,4.053492301266809,376,2.6540139038079213,1.0
pp_attn,045,5mm,4.899088541666666,2.8880749857211843,4.18236599828557,317,2.795225300610294,0.9871758123931761
pp_attn,045,6mm,4.264322916666666,2.9079982098902333,4.181975549216018,288,2.871222585948891,0.9714457141298715
pp_attn,045,implant,6.15234375,2.8396835318568567,4.137217588625696,361,2.8137848750469776,0.9876088859869113
pp_attn,044,5mm,7.649739583333333,3.0051948784307387,4.834665232149339,617,2.811092923279566,0.9859762675296655
pp_attn,044,6mm,5.289713541666666,2.863751121860257,4.6026612586964335,365,2.848120211850633,0.995550286839264
pp_attn,044,implant,6.54296875,2.8290654935438626,4.418096516689181,394,2.796122700927707,0.9987546699875467
pp_attn,039,5mm,4.98046875,3.2420993807828933,4.553858210052295,250,2.92827536485343,0.9583861860141577
pp_attn,039,6mm,4.475911458333334,3.221410276257918,4.517590409755662,263,3.332007349619238,0.8785771096174539
pp_attn,039,implant,6.087239583333334,3.1849864138735353,4.451562718601577,288,2.9589528764760487,0.9635060405788165
pp_attn,022,5mm,6.201171875,3.6932075299680798,4.9492755952333916,403,3.385859770462744,0.9683229020309108
pp_attn,022,6mm,5.17578125,3.7420660007808078,4.799828989147672,318,3.729156484347058,0.9317933543330471
pp_attn,022,implant,6.73828125,3.637661123946259,4.794446510945458,374,3.5044603040371194,0.9751781032336662
pp_attn,080,5mm,7.747395833333333,3.641494321725965,6.919173959939659,551,3.0538475909425054,0.9410456062291435
pp_attn,080,6mm,4.768880208333334,3.2424389774154694,5.384551600640389,354,3.26392477550729,0.970517983682347
pp_attn,080,implant,5.891927083333334,3.230363730059213,5.281455857410796,352,3.1142215195227436,0.9802816901408451
pp_attn,010,5mm,7.861328125,3.4075874987998116,5.06391283747062,558,3.132269093666616,0.9874213836477987
pp_attn,010,6mm,5.517578125,3.448077890803832,4.715532554908516,361,3.400208480096023,0.9915032141091149
pp_attn,010,implant,6.93359375,3.370454776501798,4.676460115725301,376,3.275635035510971,0.9976470588235293
pp_attn,000,5mm,5.078125,2.4963402992458805,3.9423385638125747,389,2.536308088624659,0.9955058225668953
pp_attn,000,6mm,4.134114583333334,2.4364634482067324,3.7509120694506426,298,2.498835358832559,0.9932432432432432
pp_attn,000,implant,5.501302083333334,2.406536243224104,3.7520497345183776,344,2.463419788352877,0.9985443959243085
pp_attn,018,5mm,6.998697916666667,3.4451932042352396,5.29626472441558,458,2.9455578229098562,0.9798339264531436
pp_attn,018,6mm,5.257161458333334,3.4117625464170156,5.110533252508812,320,3.298539658739066,0.9735155279503105
pp_attn,018,implant,6.656901041666667,3.4697543517271154,5.205677990027904,307,3.1091084577717054,0.9838509316770186
pp_attn,030,5mm,7.503255208333333,3.0415025654320793,4.759556307150583,527,2.781388673200496,0.9890350877192984
pp_attn,030,6mm,5.908203125,2.9994773587568977,4.6387780871945825,372,2.8592739639100064,0.9918619062551329
pp_attn,030,implant,7.486979166666667,2.9892651213099257,4.673683726264942,435,2.8478525334994296,0.9978213507625272
pp_attn,073,5mm,6.022135416666666,3.46576818717848,4.920456641225377,427,3.1433847341636354,0.9767794337679497
pp_attn,073,6mm,4.6875,3.534209380786646,4.8682182490407,295,3.4158215909290934,0.9537166727341161
pp_attn,073,implant,6.184895833333334,3.470033987423475,4.862088646059237,336,3.2429534740870802,0.9811581249102197
pp_attn,033,5mm,6.803385416666667,3.3383571998273056,4.689245787432542,477,3.0581111010187154,0.9891172914147521
pp_attn,033,6mm,5.387369791666666,3.3494712425030517,4.619282127613039,357,3.2442531933692287,0.9799414563383444
pp_attn,033,implant,6.93359375,3.264548497548935,4.592834143936687,398,3.15896259323214,0.9964664310954063
pp_attn,090,5mm,7.877604166666667,4.320178913175211,9.028110014576185,485,3.169672555144234,0.869158878504673
pp_attn,090,6mm,6.103515625,4.3083480600655415,8.780725941617295,379,3.489453149841145,0.8514099517357963
pp_attn,090,implant,7.486979166666667,4.484534486056389,9.097271471070428,370,3.299041511562867,0.85
pp_attn,004,5mm,5.387369791666666,3.2582930864963924,5.971632332869586,370,2.9150413675348053,0.945859872611465
pp_attn,004,6mm,4.1015625,3.2178541305666144,5.765816631302397,276,3.0921217212260936,0.9104373914416548
pp_attn,004,implant,5.598958333333334,3.2524207531521676,5.813174295428181,300,2.9381207916515932,0.9464012251148546
pp_attn,076,5mm,5.989583333333334,3.3579647339704057,5.466014464574383,499,3.008570812347406,0.9706293706293706
pp_attn,076,6mm,3.90625,3.3883835476716366,5.258597496233696,307,3.3345562887583307,0.9542820164553452
pp_attn,076,implant,4.801432291666666,3.335421719319927,5.343505152260426,281,3.1292764834203957,0.9739130434782608
pp_attn,077,5mm,4.345703125,2.5905967755943813,4.202356276505448,317,2.539312102358413,0.9893357854259714
pp_attn,077,6mm,3.4993489583333335,2.539744478734773,3.9074076951379975,248,2.5530639675865254,0.991612055188327
pp_attn,077,implant,4.947916666666666,2.5511585325669164,3.9867471403066626,308,2.5704009946613717,0.9951059308390754
pp_attn,012,5mm,6.868489583333333,3.027338487495887,4.726722379815362,515,2.8821674756443483,0.9916367980884111
pp_attn,012,6mm,4.817708333333334,2.9906789150849447,4.569324194121361,320,3.005357095685955,0.9919323938865
pp_attn,012,implant,6.201171875,3.069508929864815,4.746583719392179,345,2.9156265532324617,0.9947229551451187
pp_attn,031,5mm,6.526692708333333,2.799464071356283,4.448046025485706,465,2.6642553015484673,0.9899244332493703
pp_attn,031,6mm,5.436197916666666,2.692605365020127,4.254928083518648,364,2.649265800603562,0.9915051765330501
pp_attn,031,implant,7.161458333333333,2.655699128914242,4.249499023062057,439,2.608202973099211,0.9965792474344356
