id,thresh_mm,n_gt,n_true_defect,n_geom_defect,true_pct,geom_pct,tp,fp,fn,precision,recall,f1,jaccard,seam_pct,off_surface_pct
083,3.0,6144,289,2807,4.703776041666666,45.68684895833333,271,2536,18,0.09654435340220877,0.9377162629757786,0.17506459948320413,0.09592920353982301,0.244140625,0.0
083,3.5,6144,289,1907,4.703776041666666,31.038411458333332,267,1640,22,0.14001048767697954,0.9238754325259516,0.24316939890710382,0.13841368584758942,0.244140625,0.0
083,4.0,6144,289,1130,4.703776041666666,18.391927083333336,255,875,34,0.22566371681415928,0.8823529411764706,0.35940803382663844,0.2190721649484536,0.244140625,0.0
083,4.5,6144,289,653,4.703776041666666,10.628255208333332,243,410,46,0.3721286370597244,0.8408304498269896,0.5159235668789809,0.34763948497854075,0.244140625,0.0
083,5.0,6144,289,411,4.703776041666666,6.689453125,234,177,55,0.5693430656934306,0.8096885813148789,0.6685714285714286,0.5021459227467812,0.244140625,0.0
083,5.5,6144,289,289,4.703776041666666,4.703776041666666,224,65,65,0.7750865051903114,0.7750865051903114,0.7750865051903113,0.632768361581921,0.244140625,0.0
083,6.0,6144,289,227,4.703776041666666,3.6946614583333335,212,15,77,0.933920704845815,0.7335640138408305,0.8217054263565892,0.6973684210526315,0.244140625,0.0
083,7.0,6144,289,195,4.703776041666666,3.173828125,194,1,95,0.9948717948717949,0.671280276816609,0.8016528925619835,0.6689655172413793,0.244140625,0.0
083,8.0,6144,289,177,4.703776041666666,2.880859375,177,0,112,1.0,0.6124567474048442,0.759656652360515,0.6124567474048442,0.244140625,0.0
053,3.0,6144,338,2886,5.501302083333334,46.97265625,319,2567,19,0.11053361053361054,0.9437869822485208,0.19789081885856077,0.10981067125645438,0.35807291666666663,0.0
053,3.5,6144,338,1941,5.501302083333334,31.591796875,312,1629,26,0.160741885625966,0.9230769230769231,0.2738043001316367,0.15861718352821555,0.35807291666666663,0.0
053,4.0,6144,338,1167,5.501302083333334,18.994140625,294,873,44,0.2519280205655527,0.8698224852071006,0.3906976744186046,0.24277456647398843,0.35807291666666663,0.0
053,4.5,6144,338,655,5.501302083333334,10.660807291666668,284,371,54,0.433587786259542,0.8402366863905325,0.5720040281973816,0.4005641748942172,0.35807291666666663,0.0
053,5.0,6144,338,420,5.501302083333334,6.8359375,272,148,66,0.6476190476190476,0.8047337278106509,0.7176781002638524,0.5596707818930041,0.35807291666666663,0.0
053,5.5,6144,338,296,5.501302083333334,4.817708333333334,257,39,81,0.8682432432432432,0.7603550295857988,0.8107255520504733,0.6816976127320955,0.35807291666666663,0.0
053,6.0,6144,338,261,5.501302083333334,4.248046875,249,12,89,0.9540229885057471,0.7366863905325444,0.8313856427378965,0.7114285714285714,0.35807291666666663,0.0
053,7.0,6144,338,230,5.501302083333334,3.7434895833333335,229,1,109,0.9956521739130435,0.6775147928994083,0.8063380281690141,0.6755162241887905,0.35807291666666663,0.0
053,8.0,6144,338,213,5.501302083333334,3.466796875,213,0,125,1.0,0.6301775147928994,0.7731397459165155,0.6301775147928994,0.35807291666666663,0.0
070,3.0,6144,376,2719,6.119791666666666,44.25455729166667,354,2365,22,0.13019492460463405,0.9414893617021277,0.2287560581583199,0.1291499452754469,0.4069010416666667,0.0
070,3.5,6144,376,1712,6.119791666666666,27.864583333333332,340,1372,36,0.1985981308411215,0.9042553191489362,0.32567049808429116,0.1945080091533181,0.4069010416666667,0.0
070,4.0,6144,376,1034,6.119791666666666,16.829427083333336,328,706,48,0.31721470019342357,0.8723404255319149,0.4652482269503546,0.3031423290203327,0.4069010416666667,0.0
070,4.5,6144,376,595,6.119791666666666,9.684244791666668,314,281,62,0.5277310924369748,0.8351063829787234,0.6467559217301752,0.4779299847792998,0.4069010416666667,0.0
070,5.0,6144,376,397,6.119791666666666,6.461588541666667,301,96,75,0.7581863979848866,0.800531914893617,0.778783958602846,0.6377118644067796,0.4069010416666667,0.0
070,5.5,6144,376,322,6.119791666666666,5.240885416666666,295,27,81,0.9161490683229814,0.7845744680851063,0.8452722063037249,0.7320099255583127,0.4069010416666667,0.0
070,6.0,6144,376,294,6.119791666666666,4.78515625,283,11,93,0.9625850340136054,0.7526595744680851,0.844776119402985,0.7312661498708011,0.4069010416666667,0.0
070,7.0,6144,376,258,6.119791666666666,4.19921875,258,0,118,1.0,0.6861702127659575,0.8138801261829653,0.6861702127659575,0.4069010416666667,0.0
070,8.0,6144,376,241,6.119791666666666,3.9225260416666665,241,0,135,1.0,0.6409574468085106,0.7811993517017828,0.6409574468085106,0.4069010416666667,0.0
045,3.0,6144,378,1856,6.15234375,30.208333333333332,345,1511,33,0.18588362068965517,0.9126984126984127,0.3088630259623993,0.1826363155108523,0.37434895833333337,0.0
045,3.5,6144,378,995,6.15234375,16.194661458333336,333,662,45,0.33467336683417087,0.8809523809523809,0.4850691915513475,0.32019230769230766,0.37434895833333337,0.0
045,4.0,6144,378,529,6.15234375,8.610026041666668,316,213,62,0.5973534971644613,0.8359788359788359,0.6968026460859978,0.5346869712351946,0.37434895833333337,0.0
045,4.5,6144,378,355,6.15234375,5.777994791666666,302,53,76,0.8507042253521127,0.798941798941799,0.8240109140518418,0.7006960556844548,0.37434895833333337,0.0
045,5.0,6144,378,301,6.15234375,4.899088541666666,292,9,86,0.9700996677740864,0.7724867724867724,0.8600883652430045,0.7545219638242894,0.37434895833333337,0.0
045,5.5,6144,378,278,6.15234375,4.524739583333334,278,0,100,1.0,0.7354497354497355,0.8475609756097562,0.7354497354497355,0.37434895833333337,0.0
045,6.0,6144,378,262,6.15234375,4.264322916666666,262,0,116,1.0,0.6931216931216931,0.8187500000000001,0.6931216931216931,0.37434895833333337,0.0
045,7.0,6144,378,248,6.15234375,4.036458333333334,248,0,130,1.0,0.656084656084656,0.792332268370607,0.656084656084656,0.37434895833333337,0.0
045,8.0,6144,378,232,6.15234375,3.7760416666666665,232,0,146,1.0,0.6137566137566137,0.760655737704918,0.6137566137566137,0.37434895833333337,0.0
044,3.0,6144,402,2852,6.54296875,46.41927083333333,387,2465,15,0.13569424964936885,0.9626865671641791,0.23786109403810693,0.13498430415068016,0.4069010416666667,0.0
044,3.5,6144,402,1935,6.54296875,31.494140625,380,1555,22,0.19638242894056848,0.945273631840796,0.3252032520325203,0.1941747572815534,0.4069010416666667,0.0
044,4.0,6144,402,1170,6.54296875,19.04296875,364,806,38,0.3111111111111111,0.9054726368159204,0.4631043256997456,0.30132450331125826,0.4069010416666667,0.0
044,4.5,6144,402,699,6.54296875,11.376953125,346,353,56,0.4949928469241774,0.8606965174129353,0.628519527702089,0.45827814569536424,0.4069010416666667,0.0
044,5.0,6144,402,470,6.54296875,7.649739583333333,338,132,64,0.7191489361702128,0.8407960199004975,0.775229357798165,0.6329588014981273,0.4069010416666667,0.0
044,5.5,6144,402,364,6.54296875,5.924479166666666,326,38,76,0.8956043956043956,0.8109452736318408,0.8511749347258485,0.740909090909091,0.4069010416666667,0.0
044,6.0,6144,402,325,6.54296875,5.289713541666666,316,9,86,0.9723076923076923,0.7860696517412935,0.8693259972489683,0.7688564476885644,0.4069010416666667,0.0
044,7.0,6144,402,298,6.54296875,4.850260416666666,298,0,104,1.0,0.7412935323383084,0.8514285714285714,0.7412935323383084,0.4069010416666667,0.0
044,8.0,6144,402,279,6.54296875,4.541015625,279,0,123,1.0,0.6940298507462687,0.8193832599118943,0.6940298507462687,0.4069010416666667,0.0
039,3.0,6144,374,1963,6.087239583333334,31.949869791666668,347,1616,27,0.17677024961793172,0.9278074866310161,0.29696191698759095,0.1743718592964824,0.35807291666666663,0.0
039,3.5,6144,374,1111,6.087239583333334,18.082682291666664,330,781,44,0.297029702970297,0.8823529411764706,0.4444444444444444,0.2857142857142857,0.35807291666666663,0.0
039,4.0,6144,374,582,6.087239583333334,9.47265625,314,268,60,0.5395189003436426,0.839572192513369,0.6569037656903766,0.48909657320872274,0.35807291666666663,0.0
039,4.5,6144,374,373,6.087239583333334,6.070963541666666,306,67,68,0.8203753351206434,0.8181818181818182,0.8192771084337349,0.6938775510204082,0.35807291666666663,0.0
039,5.0,6144,374,306,6.087239583333334,4.98046875,291,15,83,0.9509803921568627,0.7780748663101604,0.8558823529411764,0.7480719794344473,0.35807291666666663,0.0
039,5.5,6144,374,286,6.087239583333334,4.654947916666666,281,5,93,0.9825174825174825,0.7513368983957219,0.8515151515151514,0.741424802110818,0.35807291666666663,0.0
039,6.0,6144,374,275,6.087239583333334,4.475911458333334,274,1,100,0.9963636363636363,0.732620320855615,0.8443759630200308,0.7306666666666667,0.35807291666666663,0.0
039,7.0,6144,374,254,6.087239583333334,4.134114583333334,254,0,120,1.0,0.679144385026738,0.8089171974522293,0.679144385026738,0.35807291666666663,0.0
039,8.0,6144,374,236,6.087239583333334,3.8411458333333335,236,0,138,1.0,0.6310160427807486,0.7737704918032787,0.6310160427807486,0.35807291666666663,0.0
022,3.0,6144,414,2350,6.73828125,38.24869791666667,391,1959,23,0.16638297872340427,0.9444444444444444,0.2829232995658466,0.16477033291192583,0.37434895833333337,0.0
022,3.5,6144,414,1439,6.73828125,23.421223958333336,383,1056,31,0.2661570535093815,0.9251207729468599,0.4133837021046951,0.2605442176870748,0.37434895833333337,0.0
022,4.0,6144,414,787,6.73828125,12.809244791666666,363,424,51,0.46124523506988563,0.8768115942028986,0.6044962531223981,0.4331742243436754,0.37434895833333337,0.0
022,4.5,6144,414,506,6.73828125,8.235677083333332,349,157,65,0.6897233201581028,0.8429951690821256,0.758695652173913,0.6112084063047285,0.37434895833333337,0.0
022,5.0,6144,414,381,6.73828125,6.201171875,337,44,77,0.884514435695538,0.8140096618357487,0.8477987421383647,0.7358078602620087,0.37434895833333337,0.0
022,5.5,6144,414,337,6.73828125,5.485026041666666,325,12,89,0.9643916913946587,0.785024154589372,0.8655126498002663,0.7629107981220657,0.37434895833333337,0.0
022,6.0,6144,414,318,6.73828125,5.17578125,317,1,97,0.9968553459119497,0.7657004830917874,0.8661202185792349,0.763855421686747,0.37434895833333337,0.0
022,7.0,6144,414,295,6.73828125,4.801432291666666,294,1,120,0.9966101694915255,0.7101449275362319,0.8293370944992948,0.708433734939759,0.37434895833333337,0.0
022,8.0,6144,414,273,6.73828125,4.443359375,273,0,141,1.0,0.6594202898550725,0.794759825327511,0.6594202898550725,0.37434895833333337,0.0
080,3.0,6144,362,2953,5.891927083333334,48.06315104166667,342,2611,20,0.11581442600745005,0.9447513812154696,0.2063348416289593,0.11503531786074672,0.37434895833333337,0.0
080,3.5,6144,362,1980,5.891927083333334,32.2265625,329,1651,33,0.16616161616161615,0.9088397790055248,0.2809564474807857,0.16343765524093393,0.37434895833333337,0.0
080,4.0,6144,362,1228,5.891927083333334,19.986979166666664,320,908,42,0.26058631921824105,0.8839779005524862,0.4025157232704402,0.25196850393700787,0.37434895833333337,0.0
080,4.5,6144,362,740,5.891927083333334,12.044270833333332,310,430,52,0.4189189189189189,0.856353591160221,0.5626134301270418,0.39141414141414144,0.37434895833333337,0.0
080,5.0,6144,362,476,5.891927083333334,7.747395833333333,293,183,69,0.615546218487395,0.8093922651933702,0.6992840095465394,0.5376146788990825,0.37434895833333337,0.0
080,5.5,6144,362,343,5.891927083333334,5.582682291666666,286,57,76,0.8338192419825073,0.7900552486187845,0.8113475177304964,0.6825775656324582,0.37434895833333337,0.0
080,6.0,6144,362,293,5.891927083333334,4.768880208333334,274,19,88,0.9351535836177475,0.7569060773480663,0.8366412213740458,0.7191601049868767,0.37434895833333337,0.0
080,7.0,6144,362,257,5.891927083333334,4.182942708333334,255,2,107,0.9922178988326849,0.7044198895027625,0.8239095315024233,0.7005494505494505,0.37434895833333337,0.0
080,8.0,6144,362,241,5.891927083333334,3.9225260416666665,241,0,121,1.0,0.6657458563535912,0.7993366500829188,0.6657458563535912,0.37434895833333337,0.0
010,3.0,6144,426,2951,6.93359375,48.03059895833333,408,2543,18,0.13825821755337173,0.9577464788732394,0.2416345869114599,0.13742000673627483,0.341796875,0.0
010,3.5,6144,426,1978,6.93359375,32.19401041666667,398,1580,28,0.2012133468149646,0.9342723004694836,0.33111480865224624,0.1984047856430708,0.341796875,0.0
010,4.0,6144,426,1196,6.93359375,19.466145833333336,393,803,33,0.3285953177257525,0.9225352112676056,0.4845869297163995,0.3197721724979658,0.341796875,0.0
010,4.5,6144,426,720,6.93359375,11.71875,372,348,54,0.5166666666666667,0.8732394366197183,0.6492146596858639,0.4806201550387597,0.341796875,0.0
010,5.0,6144,426,483,6.93359375,7.861328125,356,127,70,0.7370600414078675,0.8356807511737089,0.7832783278327832,0.64376130198915,0.341796875,0.0
010,5.5,6144,426,384,6.93359375,6.25,344,40,82,0.8958333333333334,0.8075117370892019,0.8493827160493828,0.7381974248927039,0.341796875,0.0
010,6.0,6144,426,339,6.93359375,5.517578125,331,8,95,0.976401179941003,0.7769953051643192,0.865359477124183,0.7626728110599078,0.341796875,0.0
010,7.0,6144,426,313,6.93359375,5.094401041666666,313,0,113,1.0,0.7347417840375586,0.8470906630581868,0.7347417840375586,0.341796875,0.0
010,8.0,6144,426,295,6.93359375,4.801432291666666,295,0,131,1.0,0.6924882629107981,0.8183079056865465,0.6924882629107981,0.341796875,0.0
000,3.0,6144,338,2198,5.501302083333334,35.77473958333333,317,1881,21,0.14422202001819837,0.9378698224852071,0.25,0.14285714285714285,0.390625,0.0
000,3.5,6144,338,1332,5.501302083333334,21.6796875,305,1027,33,0.22897897897897898,0.9023668639053254,0.3652694610778443,0.22344322344322345,0.390625,0.0
000,4.0,6144,338,720,5.501302083333334,11.71875,296,424,42,0.4111111111111111,0.8757396449704142,0.5595463137996219,0.3884514435695538,0.390625,0.0
000,4.5,6144,338,436,5.501302083333334,7.096354166666667,283,153,55,0.6490825688073395,0.8372781065088757,0.731266149870801,0.5763747454175153,0.390625,0.0
000,5.0,6144,338,312,5.501302083333334,5.078125,270,42,68,0.8653846153846154,0.7988165680473372,0.8307692307692308,0.7105263157894737,0.390625,0.0
000,5.5,6144,338,262,5.501302083333334,4.264322916666666,259,3,79,0.9885496183206107,0.7662721893491125,0.8633333333333333,0.7595307917888563,0.390625,0.0
000,6.0,6144,338,254,5.501302083333334,4.134114583333334,252,2,86,0.9921259842519685,0.7455621301775148,0.8513513513513514,0.7411764705882353,0.390625,0.0
000,7.0,6144,338,229,5.501302083333334,3.7272135416666665,229,0,109,1.0,0.6775147928994083,0.8077601410934745,0.6775147928994083,0.390625,0.0
000,8.0,6144,338,208,5.501302083333334,3.3854166666666665,208,0,130,1.0,0.6153846153846154,0.761904761904762,0.6153846153846154,0.390625,0.0
018,3.0,6144,409,2788,6.656901041666667,45.37760416666667,383,2405,26,0.1373744619799139,0.9364303178484108,0.23959962464810755,0.13610518834399432,0.32552083333333337,0.0
018,3.5,6144,409,1854,6.656901041666667,30.17578125,375,1479,34,0.2022653721682848,0.9168704156479217,0.3314184710561202,0.1986228813559322,0.32552083333333337,0.0
018,4.0,6144,409,1108,6.656901041666667,18.033854166666664,364,744,45,0.3285198555956679,0.8899755501222494,0.4798945286750164,0.31569817866435385,0.32552083333333337,0.0
018,4.5,6144,409,649,6.656901041666667,10.563151041666668,350,299,59,0.539291217257319,0.8557457212713936,0.6616257088846881,0.4943502824858757,0.32552083333333337,0.0
018,5.0,6144,409,430,6.656901041666667,6.998697916666667,335,95,74,0.7790697674418605,0.8190709046454768,0.798569725864124,0.6646825396825397,0.32552083333333337,0.0
018,5.5,6144,409,359,6.656901041666667,5.843098958333334,324,35,85,0.9025069637883009,0.7921760391198044,0.84375,0.7297297297297297,0.32552083333333337,0.0
018,6.0,6144,409,323,6.656901041666667,5.257161458333334,316,7,93,0.978328173374613,0.7726161369193154,0.8633879781420765,0.7596153846153846,0.32552083333333337,0.0
018,7.0,6144,409,290,6.656901041666667,4.720052083333334,290,0,119,1.0,0.7090464547677262,0.8297567954220315,0.7090464547677262,0.32552083333333337,0.0
018,8.0,6144,409,274,6.656901041666667,4.459635416666666,274,0,135,1.0,0.6699266503667481,0.802342606149341,0.6699266503667481,0.32552083333333337,0.0
030,3.0,6144,460,2646,7.486979166666667,43.06640625,430,2216,30,0.16250944822373395,0.9347826086956522,0.2768834513844173,0.16068759342301944,0.390625,0.0
030,3.5,6144,460,1683,7.486979166666667,27.392578125,424,1259,36,0.2519310754604872,0.9217391304347826,0.39570695286980867,0.24665503199534614,0.390625,0.0
030,4.0,6144,460,1028,7.486979166666667,16.731770833333336,408,620,52,0.3968871595330739,0.8869565217391304,0.5483870967741936,0.37777777777777777,0.390625,0.0
030,4.5,6144,460,630,7.486979166666667,10.25390625,401,229,59,0.6365079365079365,0.8717391304347826,0.7357798165137615,0.5820029027576198,0.390625,0.0
030,5.0,6144,460,461,7.486979166666667,7.503255208333333,386,75,74,0.8373101952277657,0.8391304347826087,0.8382193268186754,0.7214953271028037,0.390625,0.0
030,5.5,6144,460,389,7.486979166666667,6.331380208333333,372,17,88,0.9562982005141388,0.808695652173913,0.8763250883392226,0.779874213836478,0.390625,0.0
030,6.0,6144,460,363,7.486979166666667,5.908203125,360,3,100,0.9917355371900827,0.782608695652174,0.8748481166464155,0.7775377969762419,0.390625,0.0
030,7.0,6144,460,339,7.486979166666667,5.517578125,339,0,121,1.0,0.7369565217391304,0.8485607008760951,0.7369565217391304,0.390625,0.0
030,8.0,6144,460,324,7.486979166666667,5.2734375,324,0,136,1.0,0.7043478260869566,0.826530612244898,0.7043478260869566,0.390625,0.0
073,3.0,6144,380,2407,6.184895833333334,39.17643229166667,356,2051,24,0.14790195263813877,0.9368421052631579,0.2554718335127377,0.14644179350061703,0.341796875,0.0
073,3.5,6144,380,1527,6.184895833333334,24.853515625,347,1180,33,0.2272429600523903,0.9131578947368421,0.36392239119035136,0.22243589743589742,0.341796875,0.0
073,4.0,6144,380,856,6.184895833333334,13.932291666666666,330,526,50,0.3855140186915888,0.868421052631579,0.5339805825242718,0.36423841059602646,0.341796875,0.0
073,4.5,6144,380,520,6.184895833333334,8.463541666666668,323,197,57,0.6211538461538462,0.85,0.7177777777777777,0.5597920277296361,0.341796875,0.0
073,5.0,6144,380,370,6.184895833333334,6.022135416666666,308,62,72,0.8324324324324325,0.8105263157894737,0.8213333333333332,0.6968325791855203,0.341796875,0.0
073,5.5,6144,380,319,6.184895833333334,5.192057291666666,299,20,81,0.9373040752351097,0.7868421052631579,0.8555078683834049,0.7475,0.341796875,0.0
073,6.0,6144,380,288,6.184895833333334,4.6875,282,6,98,0.9791666666666666,0.7421052631578947,0.8443113772455089,0.7305699481865285,0.341796875,0.0
073,7.0,6144,380,257,6.184895833333334,4.182942708333334,256,1,124,0.9961089494163424,0.6736842105263158,0.8037676609105181,0.6719160104986877,0.341796875,0.0
073,8.0,6144,380,243,6.184895833333334,3.955078125,243,0,137,1.0,0.6394736842105263,0.7800963081861959,0.6394736842105263,0.341796875,0.0
033,3.0,6144,426,2716,6.93359375,44.20572916666667,405,2311,21,0.14911634756995581,0.9507042253521126,0.25779758115849777,0.14797223237120935,0.32552083333333337,0.0
033,3.5,6144,426,1742,6.93359375,28.352864583333332,394,1348,32,0.2261768082663605,0.9248826291079812,0.3634686346863469,0.22209695603156707,0.32552083333333337,0.0
033,4.0,6144,426,996,6.93359375,16.2109375,379,617,47,0.38052208835341367,0.8896713615023474,0.5330520393811533,0.36337488015340363,0.32552083333333337,0.0
033,4.5,6144,426,603,6.93359375,9.814453125,366,237,60,0.6069651741293532,0.8591549295774648,0.7113702623906706,0.5520361990950227,0.32552083333333337,0.0
033,5.0,6144,426,418,6.93359375,6.803385416666667,346,72,80,0.8277511961722488,0.812206572769953,0.8199052132701422,0.6947791164658634,0.32552083333333337,0.0
033,5.5,6144,426,354,6.93359375,5.76171875,336,18,90,0.9491525423728814,0.7887323943661971,0.8615384615384616,0.7567567567567568,0.32552083333333337,0.0
033,6.0,6144,426,331,6.93359375,5.387369791666666,325,6,101,0.9818731117824774,0.7629107981220657,0.8586525759577278,0.7523148148148148,0.32552083333333337,0.0
033,7.0,6144,426,304,6.93359375,4.947916666666666,304,0,122,1.0,0.7136150234741784,0.832876712328767,0.7136150234741784,0.32552083333333337,0.0
033,8.0,6144,426,285,6.93359375,4.638671875,285,0,141,1.0,0.6690140845070423,0.8016877637130801,0.6690140845070423,0.32552083333333337,0.0
090,3.0,6144,460,2847,7.486979166666667,46.337890625,441,2406,19,0.15489989462592202,0.9586956521739131,0.2667069851829453,0.15387299371946964,0.37434895833333337,0.0
090,3.5,6144,460,1885,7.486979166666667,30.680338541666668,434,1451,26,0.23023872679045093,0.9434782608695652,0.3701492537313433,0.2271062271062271,0.37434895833333337,0.0
090,4.0,6144,460,1127,7.486979166666667,18.343098958333336,420,707,40,0.37267080745341613,0.9130434782608695,0.5293005671077505,0.35989717223650386,0.37434895833333337,0.0
090,4.5,6144,460,681,7.486979166666667,11.083984375,410,271,50,0.6020558002936858,0.8913043478260869,0.7186678352322525,0.560875512995896,0.37434895833333337,0.0
090,5.0,6144,460,484,7.486979166666667,7.877604166666667,393,91,67,0.8119834710743802,0.8543478260869565,0.8326271186440678,0.7132486388384754,0.37434895833333337,0.0
090,5.5,6144,460,406,7.486979166666667,6.608072916666667,379,27,81,0.9334975369458128,0.8239130434782609,0.8752886836027713,0.7782340862422998,0.37434895833333337,0.0
090,6.0,6144,460,375,7.486979166666667,6.103515625,367,8,93,0.9786666666666667,0.7978260869565217,0.8790419161676646,0.7841880341880342,0.37434895833333337,0.0
090,7.0,6144,460,347,7.486979166666667,5.647786458333334,347,0,113,1.0,0.7543478260869565,0.8599752168525403,0.7543478260869565,0.37434895833333337,0.0
090,8.0,6144,460,329,7.486979166666667,5.354817708333334,329,0,131,1.0,0.7152173913043478,0.8339670468948035,0.7152173913043478,0.37434895833333337,0.0
004,3.0,6144,344,2365,5.598958333333334,38.49283854166667,326,2039,18,0.13784355179704016,0.9476744186046512,0.24067921742340345,0.13680234997901805,0.5696614583333333,0.0
004,3.5,6144,344,1435,5.598958333333334,23.356119791666664,316,1119,28,0.22020905923344947,0.9186046511627907,0.3552557616638561,0.21599453178400546,0.5696614583333333,0.0
004,4.0,6144,344,798,5.598958333333334,12.98828125,303,495,41,0.37969924812030076,0.8808139534883721,0.5306479859894921,0.36114421930870083,0.5696614583333333,0.0
004,4.5,6144,344,463,5.598958333333334,7.535807291666667,289,174,55,0.6241900647948164,0.8401162790697675,0.7162329615861214,0.5579150579150579,0.5696614583333333,0.0
004,5.0,6144,344,331,5.598958333333334,5.387369791666666,276,55,68,0.8338368580060423,0.8023255813953488,0.8177777777777778,0.6917293233082706,0.5696614583333333,0.0
004,5.5,6144,344,272,5.598958333333334,4.427083333333334,259,13,85,0.9522058823529411,0.752906976744186,0.8409090909090908,0.7254901960784313,0.5696614583333333,0.0
004,6.0,6144,344,252,5.598958333333334,4.1015625,248,4,96,0.9841269841269841,0.7209302325581395,0.832214765100671,0.7126436781609196,0.5696614583333333,0.0
004,7.0,6144,344,237,5.598958333333334,3.857421875,237,0,107,1.0,0.688953488372093,0.8158347676419965,0.688953488372093,0.5696614583333333,0.0
004,8.0,6144,344,213,5.598958333333334,3.466796875,213,0,131,1.0,0.6191860465116279,0.7648114901256733,0.6191860465116279,0.5696614583333333,0.0
076,3.0,6144,295,2789,4.801432291666666,45.39388020833333,279,2510,16,0.10003585514521333,0.9457627118644067,0.18093385214007782,0.09946524064171124,0.21158854166666666,0.0
076,3.5,6144,295,1820,4.801432291666666,29.622395833333332,270,1550,25,0.14835164835164835,0.9152542372881356,0.25531914893617025,0.14634146341463414,0.21158854166666666,0.0
076,4.0,6144,295,1059,4.801432291666666,17.236328125,265,794,30,0.2502360717658168,0.8983050847457628,0.3914327917282127,0.2433425160697888,0.21158854166666666,0.0
076,4.5,6144,295,585,4.801432291666666,9.521484375,258,327,37,0.441025641025641,0.8745762711864407,0.5863636363636363,0.41479099678456594,0.21158854166666666,0.0
076,5.0,6144,295,368,4.801432291666666,5.989583333333334,241,127,54,0.654891304347826,0.8169491525423729,0.726998491704374,0.5710900473933649,0.21158854166666666,0.0
076,5.5,6144,295,276,4.801432291666666,4.4921875,237,39,58,0.8586956521739131,0.8033898305084746,0.830122591943958,0.7095808383233533,0.21158854166666666,0.0
076,6.0,6144,295,240,4.801432291666666,3.90625,225,15,70,0.9375,0.7627118644067796,0.8411214953271028,0.7258064516129032,0.21158854166666666,0.0
076,7.0,6144,295,209,4.801432291666666,3.4016927083333335,208,1,87,0.9952153110047847,0.7050847457627119,0.8253968253968255,0.7027027027027027,0.21158854166666666,0.0
076,8.0,6144,295,192,4.801432291666666,3.125,192,0,103,1.0,0.6508474576271186,0.7885010266940451,0.6508474576271186,0.21158854166666666,0.0
077,3.0,6144,304,2116,4.947916666666666,34.44010416666667,286,1830,18,0.13516068052930058,0.9407894736842105,0.2363636363636364,0.13402061855670103,0.4231770833333333,0.0
077,3.5,6144,304,1194,4.947916666666666,19.43359375,274,920,30,0.22948073701842547,0.9013157894736842,0.3658210947930574,0.2238562091503268,0.4231770833333333,0.0
077,4.0,6144,304,619,4.947916666666666,10.074869791666668,264,355,40,0.42649434571890144,0.868421052631579,0.5720476706392199,0.4006069802731411,0.4231770833333333,0.0
077,4.5,6144,304,359,4.947916666666666,5.843098958333334,252,107,52,0.7019498607242339,0.8289473684210527,0.760180995475113,0.6131386861313869,0.4231770833333333,0.0
077,5.0,6144,304,267,4.947916666666666,4.345703125,233,34,71,0.8726591760299626,0.7664473684210527,0.8161120840630472,0.6893491124260355,0.4231770833333333,0.0
077,5.5,6144,304,233,4.947916666666666,3.7923177083333335,223,10,81,0.9570815450643777,0.7335526315789473,0.8305400372439478,0.7101910828025477,0.4231770833333333,0.0
077,6.0,6144,304,215,4.947916666666666,3.4993489583333335,213,2,91,0.9906976744186047,0.7006578947368421,0.8208092485549133,0.696078431372549,0.4231770833333333,0.0
077,7.0,6144,304,193,4.947916666666666,3.1412760416666665,193,0,111,1.0,0.6348684210526315,0.7766599597585513,0.6348684210526315,0.4231770833333333,0.0
077,8.0,6144,304,169,4.947916666666666,2.750651041666667,169,0,135,1.0,0.555921052631579,0.7145877378435518,0.555921052631579,0.4231770833333333,0.0
012,3.0,6144,381,2830,6.201171875,46.06119791666667,359,2471,22,0.12685512367491167,0.9422572178477691,0.22360635316100905,0.1258765778401122,0.30924479166666663,0.0
012,3.5,6144,381,1870,6.201171875,30.436197916666668,349,1521,32,0.18663101604278076,0.916010498687664,0.31008440693025324,0.18349106203995794,0.30924479166666663,0.0
012,4.0,6144,381,1088,6.201171875,17.708333333333336,337,751,44,0.30974264705882354,0.884514435695538,0.45881552076242343,0.29770318021201414,0.30924479166666663,0.0
012,4.5,6144,381,647,6.201171875,10.530598958333332,323,324,58,0.4992272024729521,0.847769028871391,0.6284046692607005,0.4581560283687943,0.30924479166666663,0.0
012,5.0,6144,381,422,6.201171875,6.868489583333333,314,108,67,0.7440758293838863,0.8241469816272966,0.7820672478206725,0.6421267893660532,0.30924479166666663,0.0
012,5.5,6144,381,331,6.201171875,5.387369791666666,300,31,81,0.9063444108761329,0.7874015748031497,0.8426966292134833,0.7281553398058253,0.30924479166666663,0.0
012,6.0,6144,381,296,6.201171875,4.817708333333334,287,9,94,0.9695945945945946,0.7532808398950132,0.8478581979320532,0.735897435897436,0.30924479166666663,0.0
012,7.0,6144,381,264,6.201171875,4.296875,264,0,117,1.0,0.6929133858267716,0.8186046511627907,0.6929133858267716,0.30924479166666663,0.0
012,8.0,6144,381,253,6.201171875,4.117838541666666,253,0,128,1.0,0.6640419947506562,0.7981072555205048,0.6640419947506562,0.30924479166666663,0.0
031,3.0,6144,440,2478,7.161458333333333,40.33203125,414,2064,26,0.16707021791767554,0.9409090909090909,0.2837559972583962,0.16533546325878595,0.37434895833333337,0.0
031,3.5,6144,440,1565,7.161458333333333,25.472005208333332,406,1159,34,0.2594249201277955,0.9227272727272727,0.4049875311720698,0.25390869293308316,0.37434895833333337,0.0
031,4.0,6144,440,881,7.161458333333333,14.339192708333334,392,489,48,0.4449489216799092,0.8909090909090909,0.5934897804693414,0.4219590958019376,0.37434895833333337,0.0
031,4.5,6144,440,545,7.161458333333333,8.870442708333332,372,173,68,0.6825688073394496,0.8454545454545455,0.7553299492385788,0.6068515497553018,0.37434895833333337,0.0
031,5.0,6144,440,401,7.161458333333333,6.526692708333333,353,48,87,0.8802992518703242,0.8022727272727272,0.8394768133174793,0.7233606557377049,0.37434895833333337,0.0
031,5.5,6144,440,352,7.161458333333333,5.729166666666666,341,11,99,0.96875,0.775,0.8611111111111113,0.7560975609756098,0.37434895833333337,0.0
031,6.0,6144,440,334,7.161458333333333,5.436197916666666,332,2,108,0.9940119760479041,0.7545454545454545,0.8578811369509044,0.751131221719457,0.37434895833333337,0.0
031,7.0,6144,440,310,7.161458333333333,5.045572916666666,310,0,130,1.0,0.7045454545454546,0.8266666666666667,0.7045454545454546,0.37434895833333337,0.0
031,8.0,6144,440,296,7.161458333333333,4.817708333333334,296,0,144,1.0,0.6727272727272727,0.8043478260869564,0.6727272727272727,0.37434895833333337,0.0
