run,id,n_dense,dense_spacing_mm,gt_p2s_max_mm,p2s_abs_median_mm,p2s_abs_p95_mm,p2s_bias_mm,p2s_std_mm,p2s_outside_pct,p2s_defect_abs_median_mm,n_pred_defect,s2p_mean_mm,s2p_hd95_mm,s2p_floor_mean_mm,s2p_floor_hd95_mm,s2p_defect_mean_mm,s2p_defect_hd95_mm,s2p_floor_defect_mean_mm,defect_pct_of_surface,dev_abs_median_mm,dev_abs_p95_mm,dev_bias_mm,dev_std_mm,dev_outside_pct
cd_rep05_full,083,200000,1.1214183352180909,6.521611211951495e-06,1.6320245114297276,5.086218241421147,-0.1626679464809893,2.555638236428256,52.70182291666666,2.0564327484396103,302,3.8976390907999794,8.273189804218053,2.4145504083775724,4.0906373112271925,3.713236505892404,6.688377065219071,2.279456502203789,4.2815,1.8064018065192493,6.22790327169648,0.3174180936175093,3.010496884514997,53.173828125
cd_rep05_full,053,200000,1.124866996809809,7.469728443879713e-06,2.721798685903855,11.998760682291232,-3.0915759297200487,4.290736595969008,27.42513020833333,2.163992988007756,140,4.537063902003356,10.024229650500372,2.417194396821118,4.1053285980233385,6.767338979354058,12.898999962146764,2.471633162091844,5.2855,4.220521892667815,13.719329769240002,0.1759612237221879,6.611464709084386,48.86067708333333
cd_rep05_full,070,200000,1.1065852262107403,6.571509857167257e-06,1.1886658341803051,3.927858218837073,-0.4494964365637239,1.8743760344533889,43.83138020833333,0.8499946462392497,407,2.984829971506846,4.92013381081084,2.3484988864516496,4.019215877299266,2.5215191250554745,3.84201967032146,2.3586586953829056,5.643,2.2452184759560687,5.574845578896395,0.2641257084185577,2.988774700821136,52.083333333333336
cd_rep05_full,045,200000,0.9579075289475784,5.9826860273012224e-06,1.0909770456108014,3.8460555816340496,-0.8422613841310023,1.6990595066787384,33.41471354166667,1.2647274580113494,368,2.682804149854822,4.419828924894297,2.058474526852299,3.507998564635112,2.7959890200653805,4.217895533821684,2.052892249302791,5.8785,2.258055756629334,5.442897104149551,0.0290992984270424,2.9812249019293784,50.69986979166666
cd_rep05_full,044,200000,1.1054705560332103,7.776951931706941e-06,1.2838223584084991,3.5722769903959595,0.0272228458700111,1.866555723757299,52.01822916666666,1.526220231858759,439,3.120930059233653,5.326416289996399,2.3873241537159835,4.089396415298683,3.037338262731085,4.593370641196082,2.413143388740712,6.4235,1.9953323008992785,5.30888170472512,0.2820135312631741,2.7907051665584333,52.425130208333336
cd_rep05_full,039,200000,0.9709920981734276,5.779971373138814e-06,1.02666466202733,3.406263926580687,-0.5238728674457956,1.5743146003410613,39.38802083333333,1.5891412289677125,356,2.6363577744962194,4.315432774323873,2.080612816624762,3.539360894097748,3.043630943730509,4.342569188763397,2.142162739416829,6.046,2.101997681423984,4.95045880001849,0.2138551199139586,2.683258388342032,53.515625
cd_rep05_full,022,200000,1.064332415296053,6.277251237480842e-06,1.2238623615035031,3.773179871134996,-0.3470837067462117,1.8966297694226728,47.05403645833333,2.766132017820783,366,2.9923182937654853,5.166626414637881,2.225643880273002,3.7708588631402473,3.804454391717575,5.042857946260185,2.2090332366062424,5.883,1.898332464495974,5.273498542437957,0.1239087720542084,2.737703305121832,52.05078125
cd_rep05_full,080,200000,1.141683308871465,9.122919306683063e-06,1.5603839074912598,4.705043229964687,-0.1339559617713814,2.439074191540193,51.46484375,0.8937109338417673,444,3.8343179518605055,7.863417511967868,2.46380446392804,4.198487976988643,2.6506253183209973,4.186167973971734,2.423065755994736,5.463500000000001,2.104698698335205,5.518618971621697,-0.2000585683389125,2.9455641823805205,47.0703125
cd_rep05_full_f0,083,200000,1.1214183352180909,6.521611211951495e-06,1.7992286851333752,5.578398783491332,-0.5016237722203579,2.7769483150704577,47.81901041666667,1.5801940154367804,278,4.2678692209565545,9.584835723691532,2.4145504083775724,4.0906373112271925,3.644003779017597,6.881498104250055,2.279456502203789,4.2815,1.9883937953050164,6.810150860785522,0.2495340900100703,3.2772056324786245,53.48307291666666
cd_rep05_full_f0,053,200000,1.124866996809809,7.469728443879713e-06,2.190205910470047,8.734051053785391,-1.980151279268596,3.548382802931412,34.912109375,1.0335834342203374,136,4.016570335666429,7.663836830169113,2.417194396821118,4.1053285980233385,4.831548192526756,8.961051764095709,2.471633162091844,5.2855,3.1643689401157,10.620111767403662,0.2497189828336523,5.288527335476764,50.9765625
cd_rep05_full_f0,070,200000,1.1065852262107403,6.571509857167257e-06,1.285672929556925,4.002688611331539,-0.4502631063483669,1.965848782115676,44.20572916666667,0.7054308443341006,372,3.058935501624898,5.032716164768594,2.3484988864516496,4.019215877299266,2.6508598080071746,4.141956815572074,2.3586586953829056,5.643,2.1723678706884764,5.468285985486303,0.2196142474129344,2.957312973477221,52.294921875
cd_rep05_full_f0,045,200000,0.9579075289475784,5.9826860273012224e-06,1.172559872744443,4.517126877077181,-1.011413215899886,1.934820676711661,32.48697916666667,1.415995485354859,367,2.7510666921776328,4.586431788930138,2.058474526852299,3.507998564635112,2.7671613153063674,4.120355640587297,2.052892249302791,5.8785,2.310903857185392,5.852074096068596,-0.0162915698630049,3.143078533009515,50.45572916666666
cd_rep05_full_f0,044,200000,1.1054705560332103,7.776951931706941e-06,1.336618114329335,3.6562134091795673,0.0015720209778465,1.9301459100810143,51.936848958333336,1.619810334112028,385,3.1930936773053165,5.561196517628507,2.3873241537159835,4.089396415298683,3.1849745157831824,4.725730565506781,2.413143388740712,6.4235,1.9198485756112424,5.278654811060409,0.1428074297466609,2.784859285525244,51.04166666666666
cd_rep05_full_f0,039,200000,0.9709920981734276,5.779971373138814e-06,1.1114004437049692,3.989355838162174,-0.5959084028082793,1.7888466745076526,40.46223958333333,1.910831883112695,314,2.762927575416521,4.6812341600834495,2.080612816624762,3.539360894097748,3.130147529988753,4.249230557810797,2.142162739416829,6.046,1.9907334666769867,5.355931035850452,0.106580101355011,2.775159100649311,51.82291666666666
cd_rep05_full_f0,022,200000,1.064332415296053,6.277251237480842e-06,1.283721607532773,3.923310396420269,-0.2919269718838382,1.9488801337841213,48.095703125,2.7949948417900865,335,3.040106982421392,5.183318811422287,2.225643880273002,3.7708588631402473,3.872803087897783,5.225809896519508,2.2090332366062424,5.883,1.782175272920074,5.2353933440694655,0.0862655173098059,2.6235909440647984,51.7578125
cd_rep05_full_f0,080,200000,1.141683308871465,9.122919306683063e-06,1.6342224861620456,5.009030201115934,-0.2154085609372249,2.599398951005266,51.057942708333336,1.0297409707645944,336,3.9513299262083166,8.12976757667006,2.46380446392804,4.198487976988643,2.959112876056015,4.653052685125628,2.423065755994736,5.463500000000001,2.0292698846569817,5.896912097101767,-0.2147252274557072,3.0434491546132403,47.802734375
cd_rep05_full_f1,055,200000,1.054028450519634,6.25727672343146e-06,1.1139035154381096,3.4860533680486068,-0.3341226504819324,1.7264010179910958,46.41927083333333,1.8758550031450545,359,2.7984447223127145,4.558481500854088,2.2151836346696205,3.762515852569882,3.0779124653369414,4.387458008322227,2.201835033729993,5.3205,1.7618156721278848,5.321354249060636,-0.1658205078070063,2.70087958895533,48.17708333333333
cd_rep05_full_f1,088,200000,1.0288774934122005,6.706807913865028e-06,1.2129920881067178,3.765172800908781,-0.3986298049567428,1.9543472572766032,43.53841145833333,1.6661415044083348,283,2.9006625960571024,4.829373212320292,2.2054827001370936,3.7591141156651458,3.234377390489348,5.0006430268167605,2.149143031005103,5.17,2.086605371094054,5.926968541890288,-0.1506132520288354,3.118763983843902,48.50260416666667
cd_rep05_full_f1,026,200000,1.0119360963043271,6.172669302876809e-06,0.9952942896932566,3.421207709724389,0.3589477904484002,1.6567985639618577,60.823567708333336,0.5263385446681548,384,2.907651372429528,5.335635793125165,2.2111346430066834,3.789256410246939,2.4346036156131,3.8183047242943,2.232946300148426,6.337,1.7916266064467132,3.9261633904383615,-0.0371396030508319,2.232290641788946,49.267578125
cd_rep05_full_f1,042,200000,1.066152925111456,6.563541879412848e-06,1.361125141506908,4.4870886660266285,-0.0690862799604364,2.1861814861897315,53.889973958333336,2.417011128531516,265,3.219924828056697,5.906443744101627,2.2822715408789214,3.9046478346262536,4.526480987820505,7.423014871350433,2.28968101679408,5.9145,1.6828180665921215,6.214956602414421,0.1287362315680125,2.846402617861177,50.569661458333336
cd_rep05_full_f1,069,200000,1.0524803946406724,6.863076095107772e-06,1.1674663903727174,3.6003295412143475,-0.3653596166488261,1.8619529255919764,44.140625,1.5854974907169974,377,2.838648754949111,4.685422816121704,2.239450057014965,3.808244954135508,3.169776554683768,4.99541345400136,2.2053632780048105,6.3655,2.1383810951610176,5.415860725492907,0.0070130178254634,2.989682897259518,49.755859375
cd_rep05_full_f1,015,200000,1.0449763261800784,6.9652473528307865e-06,1.6726303597021457,4.1789736480577,0.4852149940307771,2.223779621999174,59.505208333333336,0.8695038944872555,374,3.463016455971041,6.345107230691057,2.305730137756356,3.9710098972204793,2.809509202809135,4.404491666161236,2.323858840260032,6.066,1.4807958658515497,4.535595862294529,0.0974405532938525,2.3038694108928444,52.425130208333336
cd_rep05_full_f1,040,200000,0.9688289937086678,6.075952112397047e-06,1.3742508742807664,6.233007942106121,-0.7813197496390275,2.5674008992691104,45.654296875,1.4352992631864576,376,3.325572630723603,7.179800231882355,2.110244444600427,3.621565442300749,2.869127542839676,4.346265232995365,2.1302381710024654,6.2765,1.725638671405363,7.260902925588439,-0.2753451143633764,3.264578475572576,47.16796875
cd_rep05_full_f1,096,200000,1.1010811611204714,6.917927454933792e-06,1.1666101822094437,3.844939608803836,-0.2311500761500075,1.8886659045725045,50.716145833333336,0.7055496820467676,276,2.9760135259675504,5.097192640299364,2.333065266652214,3.959581639372277,2.6721633826910307,4.17658266904826,2.3326006704920363,4.4725,1.7217891956614344,5.258489915133103,-0.1752238892640215,2.65244311465907,48.40494791666667
cd_rep05_full_f2,049,200000,1.070771748607065,6.060405719505301e-06,1.2568824942697492,4.459775991793904,0.4383354213370971,2.13313600686832,57.24283854166666,0.9269417117450492,368,3.111935302188694,5.490819790080561,2.299358839175909,3.939945420267527,2.8037825810879093,4.308874299841456,2.321905914666616,5.8085,1.8462222477744656,4.606487289120353,-0.0318325465383628,2.6204414500489706,50.45572916666666
cd_rep05_full_f2,034,200000,1.1732797246892246,7.171470348251468e-06,1.167964958071943,3.66519219164676,-0.4287989510332898,1.8544455349828444,45.18229166666667,1.2413723308057618,430,3.2519434703902355,5.8814133848400285,2.4533467612500104,4.149569063604774,2.83456401724058,4.352746276670163,2.4557763469548792,5.2525,2.2247274971688515,5.175427420784461,-0.034229486447085,2.875099806624792,50.048828125
cd_rep05_full_f2,007,200000,1.0841987471903685,6.010599250316773e-06,1.3107148228372911,4.452869226346711,0.6544521302800795,2.10479773132622,63.850911458333336,1.3118943804572394,426,3.1600956956900474,5.867274857361702,2.281358603909325,3.884773483773994,2.8152065536919344,4.482997226636966,2.280552078557016,5.510000000000001,1.5586184558607794,4.209252947516108,-0.0307112896053193,2.252818428701309,50.081380208333336
cd_rep05_full_f2,095,200000,1.1533685551948267,6.41672454548825e-06,1.166322800925228,3.966432172693602,-0.1321871323729168,2.0691209778097224,51.953125,1.1625261630937795,354,3.239124222644613,5.963629243253614,2.422455632063307,4.096200421633332,2.837771607763289,4.433303608439835,2.500458265528112,4.9415,2.075032079485477,5.352058519914822,-0.1239289980287416,2.9421547956363976,47.94921875
cd_rep05_full_f2,027,200000,1.1340635947021722,7.076256076743448e-06,1.2220303189443031,3.9666035252253846,-0.3445186016462618,1.9634397209766137,47.03776041666667,2.286712274838723,297,3.053327107270918,4.977039809992648,2.407735671686358,4.091325443831195,3.727690702127166,5.274356074523129,2.4722376682794063,5.772,2.129701652219862,5.657642898733507,0.0292534085377922,2.9521469533068734,51.204427083333336
cd_rep05_full_f2,019,200000,1.2041355839039252,7.263871395871171e-06,1.4648230934096609,4.370356508866209,0.6891326103130234,2.140719812233115,66.17838541666666,1.5613630138952854,336,3.712159195606597,7.082970603182888,2.5699907358667886,4.373845141773499,3.352114970454425,5.150710460299105,2.610085142930098,5.022,1.69922868864439,4.525402839630314,-0.0595346770707478,2.3930982984110685,50.227864583333336
cd_rep05_full_f2,081,200000,1.0343794610554748,6.3923226930266754e-06,1.777764084217834,5.580819610605426,-0.854803865949029,2.7893565810932954,41.943359375,2.655225388342854,383,3.7680290845646702,7.442645280712498,2.188464507342285,3.6794770198104936,4.163863433846208,6.6410333949961,2.2017137056284413,6.801500000000001,1.870600486540528,5.971867690542688,-0.1558335022342482,3.143775901847777,46.77734375
cd_rep05_full_f2,025,200000,0.9926524783800988,6.410559137748351e-06,1.9173980740421293,5.125770688552354,-0.541689449533637,2.6278862201252298,46.71223958333333,1.8640270515168784,355,3.292853175039349,5.531545152006004,2.170662086604692,3.730761916777875,3.312230086783221,4.939619208539292,2.135742921136476,6.653499999999999,2.180458796088369,7.147552467350796,0.0607978725885756,3.702705809409153,50.634765625
cd_rep05_full_f3,056,200000,0.9802636291307464,6.397103190659728e-06,1.4879421036082228,4.686975965248643,-0.0554599745047491,2.4448736819032044,55.126953125,1.7389447930353894,335,3.2922271782453025,6.479757959341575,2.120875147003234,3.641507537631776,3.1677178357153166,4.865662041773223,2.1207291971573734,5.6215,1.5102815789858397,5.361290173584164,0.0023879062181625,2.644705569496355,48.388671875
cd_rep05_full_f3,099,200000,1.13285578075753,7.547949084459152e-06,1.6057732401287836,4.972363268126713,-0.5659812423622079,2.524602526135029,44.54752604166667,2.780433153743956,309,3.420932951588429,5.947103484760794,2.4067857984910144,4.09208338374978,4.140791470708786,5.980751437252921,2.5111590417796275,5.8595,2.238167858572333,6.863882695687509,0.0427189022639084,3.573992527599498,50.520833333333336
cd_rep05_full_f3,054,200000,1.144536637926049,7.785310562700574e-06,2.329874238721114,6.698276954431546,-0.9067527627824784,3.3401294406810123,43.83138020833333,2.995228035550084,289,4.564837943846461,9.899488545419894,2.47326737473668,4.228090098885536,4.496921004473222,6.413384794694522,2.473356972060318,6.494999999999999,2.392496213600497,7.507262209961054,0.0144758179565797,3.920421372683108,49.90234375
cd_rep05_full_f3,043,200000,0.9935548903385392,6.6232874269560974e-06,0.9486331395092736,3.1944245824560067,-0.0867249704931323,1.6405392615254295,50.60221354166666,0.6173434560488489,441,2.731456478084724,4.500508488188359,2.16530078665935,3.699930766746743,2.370500040043718,3.71604318644776,2.17949522340005,6.7155000000000005,1.99982802335264,4.584251597610626,-0.0849630334240903,2.586240470269995,49.54427083333333
cd_rep05_full_f3,050,200000,1.1252228816114989,8.096264383583668e-06,1.2708189488734876,3.9992156995987207,-0.4747747006918867,1.9556269238343085,43.66861979166667,1.945871171863692,388,3.1017276871632826,5.170984419290694,2.368794472385398,4.014667378802505,3.425834249010874,5.085132565222352,2.359684268646784,6.3275,2.074863457095821,5.4157633806964895,-0.3411810147159129,2.865897089825821,46.533203125
cd_rep05_full_f3,067,200000,1.0681002460041993,7.803002975847304e-06,1.0646500869564226,3.1408794791831,-0.2259781161198737,1.5855828771899332,46.17513020833333,0.7891090119406747,365,2.823354765843231,4.659382682924848,2.288133484619042,3.9117393135240985,2.5446179865357488,3.915987640082178,2.3390915514831865,5.45,2.166097355111056,4.457522019068169,-0.1026598661388638,2.605506459359795,49.25130208333333
cd_rep05_full_f3,046,200000,1.129121275692667,7.530073202393687e-06,1.1994675656273788,3.782090443495066,0.1318961990244123,1.9268021132265656,55.77799479166666,1.9220572730507923,347,3.273869419577139,6.069627310307317,2.4186609141711046,4.128303315011762,3.4102453729903943,5.0384756001547055,2.435314886006905,5.715,1.980939306104911,4.9729166001509295,-0.0036972507637003,2.676275891519326,49.96744791666667
cd_rep05_full_f3,068,200000,1.1073340835380692,6.828568984929007e-06,1.0861365125141766,3.34155107504479,-0.5688804613229069,1.6026082797488486,38.54166666666667,1.3118678177189422,341,2.921473401517351,4.754002991696921,2.3559442279431995,3.997843086185215,3.0222980847146967,4.577314126212248,2.354715326227011,5.384,2.265783871472696,5.22529133063156,0.1127674637665067,2.8745692615496834,51.07421875
cd_rep05_full_f4,063,200000,1.1683448368229785,7.329298947545291e-06,1.3716126765865,4.263032819170506,-0.48810484888286104,2.062093444704945,43.701171875,1.466808914002265,299,3.5558287519436145,6.480614864371941,2.5005698462775907,4.248263586385705,3.2999989460445223,5.057204385001384,2.4622062686410717,5.2405,2.357849757599298,6.365092326328787,0.06924644821051745,3.3635693961747943,49.98372395833333
cd_rep05_full_f4,084,200000,1.0952137310712842,7.968517052998884e-06,1.4949172345828532,4.296257925801572,-0.46025900609436504,2.1397081933981976,44.95442708333333,0.7104830453164641,401,3.2258028309319524,5.437099510770645,2.364673390565429,4.037799707567551,2.7662815441482547,4.295366573972866,2.389743050560371,6.837,2.1996566029771247,6.483257530533496,0.010754210087091634,3.3825085041349316,49.70703125
cd_rep05_full_f4,037,200000,0.9653475125825995,6.31397334416306e-06,1.1588468169246982,4.536330509062854,-0.8797400522909212,1.9783960659775457,37.353515625,1.0827895594960122,390,2.7764356564953108,4.6426641010745,2.0842342594311076,3.5541696616406235,2.6822024355514804,4.222454954396551,2.083797296083269,6.2065,2.184894382950306,5.911181237212785,0.06304948711887792,3.1166070531162413,51.057942708333336
cd_rep05_full_f4,029,200000,1.090543624863296,7.786842128679442e-06,1.352892645489056,3.915489837389556,-0.2378525715331025,1.9871474385856391,48.90950520833333,1.5779460400461192,402,3.382155058641637,6.413723441349919,2.369920024165301,4.053052931507434,3.0385420290505682,4.540057597205163,2.3486065350570753,5.8020000000000005,1.9322817518739703,6.157942490144437,-0.02748555897831616,3.034937977423465,49.00716145833333
cd_rep05_full_f4,001,200000,0.9485305696938041,6.7631919145182385e-06,1.0494641688195525,3.0532862568786836,-0.13724155600321233,1.5766239997333913,50.244140625,1.7761881056951045,428,2.598634823822951,4.138699771107512,2.0746729659704917,3.5556816477135764,3.03732157503507,4.465804021415904,2.080716462335029,7.753,1.9085415891062416,4.912158847417396,-0.03161448911594033,2.624644683167211,48.779296875
cd_rep05_full_f4,052,200000,1.0291409879915536,6.928240247762415e-06,1.0273199188147673,3.1772890775259794,-0.2531008360521594,1.6747335795635956,45.458984375,0.7829033194193392,343,2.7728157249969767,4.706666446547092,2.1939166559433394,3.7215356731982046,2.6109703965239848,4.045763307977271,2.223257270973101,5.1855,2.0384061265227933,4.9425625405475255,-0.02135270552300088,2.8399895421951147,49.77213541666667
cd_rep05_full_f4,021,200000,1.038424929529027,6.89181848178459e-06,1.199080502138954,3.7738034084237637,-0.19533988510960643,1.942316141977539,49.91861979166667,2.118998933965697,298,3.0262193431906077,5.46867322372211,2.2121112269629855,3.760105701032772,3.395827029085754,4.934919533085059,2.2332152062249193,5.0889999999999995,1.6954289288345632,4.793631618799277,-0.029111097762897175,2.5078006915981543,50.29296875
cd_rep05_full_f4,002,200000,1.1074603230434572,6.473284648305418e-06,1.1617705598476356,3.1139170301269874,0.42517711398793306,1.5873616546932945,63.346354166666664,1.5337115980353389,349,3.0769152644425617,5.310310269805134,2.4313620510891827,4.1730460594420915,3.109447281730952,4.572790016995669,2.444351734542715,5.9635,1.8417028377652924,4.135063245398259,0.0541525924500856,2.3082015579873394,50.472005208333336
